clip_name,clip_path,behavior_class,hard_negative_type,scenario_id,take_no,target_seat_id,neighbor_seat_id,notes,split,review_status
N01_normal_take01.mp4,02_clips\normal\N01_normal_take01.mp4,normal,,N01,1,,,,,complete
N01_normal_take02.mp4,02_clips\normal\N01_normal_take02.mp4,normal,,N01,2,,,,,complete
N01_normal_take03.mp4,02_clips\normal\N01_normal_take03.mp4,normal,,N01,3,,,,,complete
N01_normal_take04.mp4,02_clips\normal\N01_normal_take04.mp4,normal,,N01,4,,,,,complete
N01_normal_take05.mp4,02_clips\normal\N01_normal_take05.mp4,normal,,N01,5,,,,,complete
N02_normal_take01.mp4,02_clips\normal\N02_normal_take01.mp4,normal,,N02,1,,,,,complete
N02_normal_take02.mp4,02_clips\normal\N02_normal_take02.mp4,normal,,N02,2,,,,,complete
N02_normal_take03.mp4,02_clips\normal\N02_normal_take03.mp4,normal,,N02,3,,,,,complete
N02_normal_take04.mp4,02_clips\normal\N02_normal_take04.mp4,normal,,N02,4,,,,,complete
N02_normal_take05.mp4,02_clips\normal\N02_normal_take05.mp4,normal,,N02,5,,,,,complete
N03_normal_take01.mp4,02_clips\normal\N03_normal_take01.mp4,normal,,N03,1,,,,,complete
N03_normal_take02.mp4,02_clips\normal\N03_normal_take02.mp4,normal,,N03,2,,,,,complete
N03_normal_take03.mp4,02_clips\normal\N03_normal_take03.mp4,normal,,N03,3,,,,,complete
N03_normal_take04.mp4,02_clips\normal\N03_normal_take04.mp4,normal,,N03,4,,,,,complete
N03_normal_take05.mp4,02_clips\normal\N03_normal_take05.mp4,normal,,N03,5,,,,,complete
N04_normal_take01.mp4,02_clips\normal\N04_normal_take01.mp4,normal,,N04,1,,,,,complete
N04_normal_take02.mp4,02_clips\normal\N04_normal_take02.mp4,normal,,N04,2,,,,,complete
N04_normal_take03.mp4,02_clips\normal\N04_normal_take03.mp4,normal,,N04,3,,,,,complete
N04_normal_take04.mp4,02_clips\normal\N04_normal_take04.mp4,normal,,N04,4,,,,,complete
N04_normal_take05.mp4,02_clips\normal\N04_normal_take05.mp4,normal,,N04,5,,,,,complete
N05_normal_take01.mp4,02_clips\normal\N05_normal_take01.mp4,normal,,N05,1,,,,,complete
N05_normal_take02.mp4,02_clips\normal\N05_normal_take02.mp4,normal,,N05,2,,,,,complete
N05_normal_take03.mp4,02_clips\normal\N05_normal_take03.mp4,normal,,N05,3,,,,,complete
N05_normal_take04.mp4,02_clips\normal\N05_normal_take04.mp4,normal,,N05,4,,,,,complete
N05_normal_take05.mp4,02_clips\normal\N05_normal_take05.mp4,normal,,N05,5,,,,,complete
N06_normal_take01.mp4,02_clips\normal\N06_normal_take01.mp4,normal,,N06,1,,,camera moves,,exclude
N06_normal_take02.mp4,02_clips\normal\N06_normal_take02.mp4,normal,,N06,2,,,camera moves,,exclude
N06_normal_take03.mp4,02_clips\normal\N06_normal_take03.mp4,normal,,N06,3,,,,,complete
N06_normal_take04.mp4,02_clips\normal\N06_normal_take04.mp4,normal,,N06,4,,,,,complete
N06_normal_take05.mp4,02_clips\normal\N06_normal_take05.mp4,normal,,N06,5,,,,,complete
N07_normal_take01.mp4,02_clips\normal\N07_normal_take01.mp4,normal,,N07,1,,,,,complete
N07_normal_take02.mp4,02_clips\normal\N07_normal_take02.mp4,normal,,N07,2,,,,,complete
N07_normal_take03.mp4,02_clips\normal\N07_normal_take03.mp4,normal,,N07,3,,,,,complete
N07_normal_take04.mp4,02_clips\normal\N07_normal_take04.mp4,normal,,N07,4,,,,,complete
N07_normal_take05.mp4,02_clips\normal\N07_normal_take05.mp4,normal,,N07,5,,,,,complete
N08_normal_take01.mp4,02_clips\normal\N08_normal_take01.mp4,normal,,N08,1,,,,,complete
N08_normal_take02.mp4,02_clips\normal\N08_normal_take02.mp4,normal,,N08,2,,,,,complete
N08_normal_take03.mp4,02_clips\normal\N08_normal_take03.mp4,normal,,N08,3,,,,,complete
N08_normal_take04.mp4,02_clips\normal\N08_normal_take04.mp4,normal,,N08,4,,,,,complete
N08_normal_take05.mp4,02_clips\normal\N08_normal_take05.mp4,normal,,N08,5,,,,,complete
HN01_normal_take01.mp4,02_clips\normal\HN01_normal_take01.mp4,normal,scratching_face,HN01,1,A1,A2,,,complete
HN01_normal_take02.mp4,02_clips\normal\HN01_normal_take02.mp4,normal,scratching_face,HN01,2,A2,A3,,,complete
HN01_normal_take03.mp4,02_clips\normal\HN01_normal_take03.mp4,normal,scratching_face,HN01,3,A3,A4,,,complete
HN01_normal_take04.mp4,02_clips\normal\HN01_normal_take04.mp4,normal,scratching_face,HN01,4,A4,A3,,,complete
HN01_normal_take05.mp4,02_clips\normal\HN01_normal_take05.mp4,normal,scratching_face,HN01,5,B1,B2,,,complete
HN01_normal_take06.mp4,02_clips\normal\HN01_normal_take06.mp4,normal,scratching_face,HN01,6,B2,B3,,,complete
HN01_normal_take07.mp4,02_clips\normal\HN01_normal_take07.mp4,normal,scratching_face,HN01,7,B3,B4,,,complete
HN01_normal_take08.mp4,02_clips\normal\HN01_normal_take08.mp4,normal,scratching_face,HN01,8,B4,B3,,,complete
HN02_normal_take01.mp4,02_clips\normal\HN02_normal_take01.mp4,normal,stretching,HN02,1,A1,A2,,,complete
HN02_normal_take02.mp4,02_clips\normal\HN02_normal_take02.mp4,normal,stretching,HN02,2,A2,A3,,,complete
HN02_normal_take03.mp4,02_clips\normal\HN02_normal_take03.mp4,normal,stretching,HN02,3,A3,A4,,,complete
HN02_normal_take04.mp4,02_clips\normal\HN02_normal_take04.mp4,normal,stretching,HN02,4,A4,A3,,,complete
HN02_normal_take05.mp4,02_clips\normal\HN02_normal_take05.mp4,normal,stretching,HN02,5,B1,B2,,,complete
HN02_normal_take06.mp4,02_clips\normal\HN02_normal_take06.mp4,normal,stretching,HN02,6,B2,B3,,,complete
HN02_normal_take07.mp4,02_clips\normal\HN02_normal_take07.mp4,normal,stretching,HN02,7,B3,B4,,,complete
HN02_normal_take08.mp4,02_clips\normal\HN02_normal_take08.mp4,normal,stretching,HN02,8,B4,B3,,,complete
HN03_normal_take01.mp4,02_clips\normal\HN03_normal_take01.mp4,normal,dropping_pen,HN03,1,A1,A2,,,complete
HN03_normal_take02.mp4,02_clips\normal\HN03_normal_take02.mp4,normal,dropping_pen,HN03,2,A2,A3,,,complete
HN03_normal_take03.mp4,02_clips\normal\HN03_normal_take03.mp4,normal,dropping_pen,HN03,3,A3,A4,,,complete
HN03_normal_take04.mp4,02_clips\normal\HN03_normal_take04.mp4,normal,dropping_pen,HN03,4,A4,A3,,,complete
HN03_normal_take05.mp4,02_clips\normal\HN03_normal_take05.mp4,normal,dropping_pen,HN03,5,B1,B2,Luki(B4) bending down,,exclude
HN03_normal_take06.mp4,02_clips\normal\HN03_normal_take06.mp4,normal,dropping_pen,HN03,6,B2,B3,,,complete
HN03_normal_take07.mp4,02_clips\normal\HN03_normal_take07.mp4,normal,dropping_pen,HN03,7,B3,B4,,,complete
HN03_normal_take08.mp4,02_clips\normal\HN03_normal_take08.mp4,normal,dropping_pen,HN03,8,B4,B3,,,complete
HN04_normal_take01.mp4,02_clips\normal\HN04_normal_take01.mp4,normal,picking_up_pen,HN04,1,A1,A2,,,complete
HN04_normal_take02.mp4,02_clips\normal\HN04_normal_take02.mp4,normal,picking_up_pen,HN04,2,A2,A3,,,complete
HN04_normal_take03.mp4,02_clips\normal\HN04_normal_take03.mp4,normal,picking_up_pen,HN04,3,A3,A4,Praveer (A3) is looking down to pick up the pen,,exclude
HN04_normal_take04.mp4,02_clips\normal\HN04_normal_take04.mp4,normal,picking_up_pen,HN04,4,A4,A3,A4 is looking down to pick up the pen,,exclude
HN04_normal_take05.mp4,02_clips\normal\HN04_normal_take05.mp4,normal,picking_up_pen,HN04,5,B1,B2,B1 is looking down to pick up the pen,,exclude
HN04_normal_take06.mp4,02_clips\normal\HN04_normal_take06.mp4,normal,picking_up_pen,HN04,6,B2,B3,B2 is looking down to pick up the pen,,exclude
HN04_normal_take07.mp4,02_clips\normal\HN04_normal_take07.mp4,normal,picking_up_pen,HN04,7,B3,B4,,,complete
HN04_normal_take08.mp4,02_clips\normal\HN04_normal_take08.mp4,normal,picking_up_pen,HN04,8,B4,B3,,,complete
HN05_normal_take01.mp4,02_clips\normal\HN05_normal_take01.mp4,normal,erasing,HN05,1,A1,A2,,,complete
HN05_normal_take02.mp4,02_clips\normal\HN05_normal_take02.mp4,normal,erasing,HN05,2,A2,A3,,,complete
HN05_normal_take03.mp4,02_clips\normal\HN05_normal_take03.mp4,normal,erasing,HN05,3,A3,A4,,,complete
HN05_normal_take04.mp4,02_clips\normal\HN05_normal_take04.mp4,normal,erasing,HN05,4,A4,A3,,,complete
HN05_normal_take05.mp4,02_clips\normal\HN05_normal_take05.mp4,normal,erasing,HN05,5,B1,B2,,,complete
HN05_normal_take06.mp4,02_clips\normal\HN05_normal_take06.mp4,normal,erasing,HN05,6,B2,B3,,,complete
HN05_normal_take07.mp4,02_clips\normal\HN05_normal_take07.mp4,normal,erasing,HN05,7,B3,B4,,,complete
HN05_normal_take08.mp4,02_clips\normal\HN05_normal_take08.mp4,normal,erasing,HN05,8,B4,B3,,,complete
HN06_normal_take01.mp4,02_clips\normal\HN06_normal_take01.mp4,normal,turning_pages,HN06,1,A1,A2,,,complete
HN06_normal_take02.mp4,02_clips\normal\HN06_normal_take02.mp4,normal,turning_pages,HN06,2,A2,A3,,,complete
HN06_normal_take03.mp4,02_clips\normal\HN06_normal_take03.mp4,normal,turning_pages,HN06,3,A3,A4,,,complete
HN06_normal_take04.mp4,02_clips\normal\HN06_normal_take04.mp4,normal,turning_pages,HN06,4,A4,A3,,,complete
HN06_normal_take05.mp4,02_clips\normal\HN06_normal_take05.mp4,normal,turning_pages,HN06,5,B1,B2,,,complete
HN06_normal_take06.mp4,02_clips\normal\HN06_normal_take06.mp4,normal,turning_pages,HN06,6,B2,B3,,,complete
HN06_normal_take07.mp4,02_clips\normal\HN06_normal_take07.mp4,normal,turning_pages,HN06,7,B3,B4,,,complete
HN06_normal_take08.mp4,02_clips\normal\HN06_normal_take08.mp4,normal,turning_pages,HN06,8,B4,B3,,,complete
HN07_normal_take01.mp4,02_clips\normal\HN07_normal_take01.mp4,normal,brief_glance_around_room,HN07,1,A1,A2,,,complete
HN07_normal_take02.mp4,02_clips\normal\HN07_normal_take02.mp4,normal,brief_glance_around_room,HN07,2,A2,A3,,,complete
HN07_normal_take03.mp4,02_clips\normal\HN07_normal_take03.mp4,normal,brief_glance_around_room,HN07,3,A3,A4,,,complete
HN07_normal_take04.mp4,02_clips\normal\HN07_normal_take04.mp4,normal,brief_glance_around_room,HN07,4,A4,A3,,,complete
HN07_normal_take05.mp4,02_clips\normal\HN07_normal_take05.mp4,normal,brief_glance_around_room,HN07,5,B1,B2,,,complete
HN07_normal_take06.mp4,02_clips\normal\HN07_normal_take06.mp4,normal,brief_glance_around_room,HN07,6,B2,B3,,,complete
HN07_normal_take07.mp4,02_clips\normal\HN07_normal_take07.mp4,normal,brief_glance_around_room,HN07,7,B3,B4,,,complete
HN07_normal_take08.mp4,02_clips\normal\HN07_normal_take08.mp4,normal,brief_glance_around_room,HN07,8,B4,B3,,,complete
HN08_normal_take01.mp4,02_clips\normal\HN08_normal_take01.mp4,normal,shifting_in_chair,HN08,1,A1,A2,,,complete
HN08_normal_take02.mp4,02_clips\normal\HN08_normal_take02.mp4,normal,shifting_in_chair,HN08,2,A2,A3,,,complete
HN08_normal_take03.mp4,02_clips\normal\HN08_normal_take03.mp4,normal,shifting_in_chair,HN08,3,A3,A4,,,complete
HN08_normal_take04.mp4,02_clips\normal\HN08_normal_take04.mp4,normal,shifting_in_chair,HN08,4,A4,A3,,,complete
HN08_normal_take05.mp4,02_clips\normal\HN08_normal_take05.mp4,normal,shifting_in_chair,HN08,5,B1,B2,B1 looking down too much,,exclude
HN08_normal_take06.mp4,02_clips\normal\HN08_normal_take06.mp4,normal,shifting_in_chair,HN08,6,B2,B3,,,complete
HN08_normal_take07.mp4,02_clips\normal\HN08_normal_take07.mp4,normal,shifting_in_chair,HN08,7,B3,B4,,,complete
HN08_normal_take08.mp4,02_clips\normal\HN08_normal_take08.mp4,normal,shifting_in_chair,HN08,8,B4,B3,,,complete
HN09_normal_take01.mp4,02_clips\normal\HN09_normal_take01.mp4,normal,raising_hand,HN09,1,A1,A2,,,complete
HN09_normal_take02.mp4,02_clips\normal\HN09_normal_take02.mp4,normal,raising_hand,HN09,2,A2,A3,,,complete
HN09_normal_take03.mp4,02_clips\normal\HN09_normal_take03.mp4,normal,raising_hand,HN09,3,A3,A4,,,complete
HN09_normal_take04.mp4,02_clips\normal\HN09_normal_take04.mp4,normal,raising_hand,HN09,4,A4,A3,,,complete
HN09_normal_take05.mp4,02_clips\normal\HN09_normal_take05.mp4,normal,raising_hand,HN09,5,B1,B2,,,complete
HN09_normal_take06.mp4,02_clips\normal\HN09_normal_take06.mp4,normal,raising_hand,HN09,6,B2,B3,,,complete
HN09_normal_take07.mp4,02_clips\normal\HN09_normal_take07.mp4,normal,raising_hand,HN09,7,B3,B4,,,complete
HN09_normal_take08.mp4,02_clips\normal\HN09_normal_take08.mp4,normal,raising_hand,HN09,8,B4,B3,,,complete
P01_using_phone_take01.mp4,02_clips\using_phone\P01_using_phone_take01.mp4,using_phone,,P01,1,A1,A2,,,complete
P01_using_phone_take02.mp4,02_clips\using_phone\P01_using_phone_take02.mp4,using_phone,,P01,2,A2,A3,,,complete
P01_using_phone_take03.mp4,02_clips\using_phone\P01_using_phone_take03.mp4,using_phone,,P01,3,A3,A4,,,complete
P01_using_phone_take04.mp4,02_clips\using_phone\P01_using_phone_take04.mp4,using_phone,,P01,4,A4,A3,,,complete
P01_using_phone_take05.mp4,02_clips\using_phone\P01_using_phone_take05.mp4,using_phone,,P01,5,B1,B2,,,complete
P01_using_phone_take06.mp4,02_clips\using_phone\P01_using_phone_take06.mp4,using_phone,,P01,6,B2,B3,,,complete
P01_using_phone_take07.mp4,02_clips\using_phone\P01_using_phone_take07.mp4,using_phone,,P01,7,B3,B2,,,complete
P01_using_phone_take08.mp4,02_clips\using_phone\P01_using_phone_take08.mp4,using_phone,,P01,8,B4,B3,,,complete
P02_using_phone_take01.mp4,02_clips\using_phone\P02_using_phone_take01.mp4,using_phone,,P02,1,A1,A2,,,complete
P02_using_phone_take02.mp4,02_clips\using_phone\P02_using_phone_take02.mp4,using_phone,,P02,2,A2,A3,,,complete
P02_using_phone_take03.mp4,02_clips\using_phone\P02_using_phone_take03.mp4,using_phone,,P02,3,A3,A2,,,complete
P02_using_phone_take04.mp4,02_clips\using_phone\P02_using_phone_take04.mp4,using_phone,,P02,4,A4,A3,,,complete
P02_using_phone_take05.mp4,02_clips\using_phone\P02_using_phone_take05.mp4,using_phone,,P02,5,B1,B2,,,complete
P02_using_phone_take06.mp4,02_clips\using_phone\P02_using_phone_take06.mp4,using_phone,,P02,6,B2,B3,,,complete
P02_using_phone_take07.mp4,02_clips\using_phone\P02_using_phone_take07.mp4,using_phone,,P02,7,B3,B4,,,complete
P02_using_phone_take08.mp4,02_clips\using_phone\P02_using_phone_take08.mp4,using_phone,,P02,8,B4,B3,,,complete
P03_using_phone_take01.mp4,02_clips\using_phone\P03_using_phone_take01.mp4,using_phone,,P03,1,A1,A2,,,complete
P03_using_phone_take02.mp4,02_clips\using_phone\P03_using_phone_take02.mp4,using_phone,,P03,2,A2,A3,,,complete
P03_using_phone_take03.mp4,02_clips\using_phone\P03_using_phone_take03.mp4,using_phone,,P03,3,A3,A4,,,complete
P03_using_phone_take04.mp4,02_clips\using_phone\P03_using_phone_take04.mp4,using_phone,,P03,4,A4,A3,,,complete
P03_using_phone_take05.mp4,02_clips\using_phone\P03_using_phone_take05.mp4,using_phone,,P03,5,B1,B2,,,complete
P03_using_phone_take06.mp4,02_clips\using_phone\P03_using_phone_take06.mp4,using_phone,,P03,6,B2,B3,,,complete
P03_using_phone_take07.mp4,02_clips\using_phone\P03_using_phone_take07.mp4,using_phone,,P03,7,B3,B4,,,complete
P03_using_phone_take08.mp4,02_clips\using_phone\P03_using_phone_take08.mp4,using_phone,,P03,8,B4,B3,,,complete
P04_using_phone_take01.mp4,02_clips\using_phone\P04_using_phone_take01.mp4,using_phone,,P04,1,A1,A2,,,complete
P04_using_phone_take02.mp4,02_clips\using_phone\P04_using_phone_take02.mp4,using_phone,,P04,2,A2,A3,,,complete
P04_using_phone_take03.mp4,02_clips\using_phone\P04_using_phone_take03.mp4,using_phone,,P04,3,A3,A2,,,complete
P04_using_phone_take04.mp4,02_clips\using_phone\P04_using_phone_take04.mp4,using_phone,,P04,4,A4,A3,,,complete
P04_using_phone_take05.mp4,02_clips\using_phone\P04_using_phone_take05.mp4,using_phone,,P04,5,B1,B2,,,complete
P04_using_phone_take06.mp4,02_clips\using_phone\P04_using_phone_take06.mp4,using_phone,,P04,6,B2,B3,,,complete
P04_using_phone_take07.mp4,02_clips\using_phone\P04_using_phone_take07.mp4,using_phone,,P04,7,B3,B4,,,complete
P04_using_phone_take08.mp4,02_clips\using_phone\P04_using_phone_take08.mp4,using_phone,,P04,8,B4,B3,,,complete
P05_using_phone_take01.mp4,02_clips\using_phone\P05_using_phone_take01.mp4,using_phone,,P05,1,A1,A2,,,complete
P05_using_phone_take02.mp4,02_clips\using_phone\P05_using_phone_take02.mp4,using_phone,,P05,2,A2,A1,,,complete
P05_using_phone_take03.mp4,02_clips\using_phone\P05_using_phone_take03.mp4,using_phone,,P05,3,A3,A2,,,complete
P05_using_phone_take04.mp4,02_clips\using_phone\P05_using_phone_take04.mp4,using_phone,,P05,4,A4,A3,,,complete
P05_using_phone_take05.mp4,02_clips\using_phone\P05_using_phone_take05.mp4,using_phone,,P05,5,B1,B2,,,complete
P05_using_phone_take06.mp4,02_clips\using_phone\P05_using_phone_take06.mp4,using_phone,,P05,6,B2,B1,,,complete
P05_using_phone_take07.mp4,02_clips\using_phone\P05_using_phone_take07.mp4,using_phone,,P05,7,B3,B2,,,complete
P05_using_phone_take08.mp4,02_clips\using_phone\P05_using_phone_take08.mp4,using_phone,,P05,8,B4,B3,Phone not visible Luki (B4),,exclude
P06_using_phone_take01.mp4,02_clips\using_phone\P06_using_phone_take01.mp4,using_phone,,P06,1,A1,A2,head Movements from Chandan (A3),,exclude
P06_using_phone_take02.mp4,02_clips\using_phone\P06_using_phone_take02.mp4,using_phone,,P06,2,A2,A3,,,complete 
P06_using_phone_take03.mp4,02_clips\using_phone\P06_using_phone_take03.mp4,using_phone,,P06,3,A3,A4,,,complete 
P06_using_phone_take04.mp4,02_clips\using_phone\P06_using_phone_take04.mp4,using_phone,,P06,4,A4,A3,,,complete 
P06_using_phone_take05.mp4,02_clips\using_phone\P06_using_phone_take05.mp4,using_phone,,P06,5,B1,B2,,,complete 
P06_using_phone_take06.mp4,02_clips\using_phone\P06_using_phone_take06.mp4,using_phone,,P06,6,B2,B3,,,complete 
P06_using_phone_take07.mp4,02_clips\using_phone\P06_using_phone_take07.mp4,using_phone,,P06,7,B3,B4,,,complete 
P06_using_phone_take08.mp4,02_clips\using_phone\P06_using_phone_take08.mp4,using_phone,,P06,8,B4,B3,,,complete 
P07_using_phone_take01.mp4,02_clips\using_phone\P07_using_phone_take01.mp4,using_phone,,P07,1,A1,A2,,,complete 
P07_using_phone_take02.mp4,02_clips\using_phone\P07_using_phone_take02.mp4,using_phone,,P07,2,A2,A3,,,complete 
P07_using_phone_take03.mp4,02_clips\using_phone\P07_using_phone_take03.mp4,using_phone,,P07,3,A3,A4,,,complete 
P07_using_phone_take04.mp4,02_clips\using_phone\P07_using_phone_take04.mp4,using_phone,,P07,4,A4,A3,,,complete 
P07_using_phone_take05.mp4,02_clips\using_phone\P07_using_phone_take05.mp4,using_phone,,P07,5,A4,A3,,,complete 
P07_using_phone_take06.mp4,02_clips\using_phone\P07_using_phone_take06.mp4,using_phone,,P07,6,B1,B2,,,complete 
P07_using_phone_take07.mp4,02_clips\using_phone\P07_using_phone_take07.mp4,using_phone,,P07,7,B2,B1,,,complete 
P07_using_phone_take08.mp4,02_clips\using_phone\P07_using_phone_take08.mp4,using_phone,,P07,8,B3,B4,,,complete 
PN01_passing_note_take01.mp4,02_clips\passing_note\PN01_passing_note_take01.mp4,passing_note,,PN01,1,A1,A2,,,complete 
PN01_passing_note_take02.mp4,02_clips\passing_note\PN01_passing_note_take02.mp4,passing_note,,PN01,2,A2,A3,,,complete 
PN01_passing_note_take03.mp4,02_clips\passing_note\PN01_passing_note_take03.mp4,passing_note,,PN01,3,A3,A4,,,complete 
PN01_passing_note_take04.mp4,02_clips\passing_note\PN01_passing_note_take04.mp4,passing_note,,PN01,4,A4,A3,"A4 , didnt pass the note to A3",,exclude
PN01_passing_note_take05.mp4,02_clips\passing_note\PN01_passing_note_take05.mp4,passing_note,,PN01,5,B1,B2,"Many movement in video , A4 still has the note out ",,exclude
PN01_passing_note_take06.mp4,02_clips\passing_note\PN01_passing_note_take06.mp4,passing_note,,PN01,6,B2,B3,,,complete
PN01_passing_note_take07.mp4,02_clips\passing_note\PN01_passing_note_take07.mp4,passing_note,,PN01,7,B3,B4,,,complete
PN01_passing_note_take08.mp4,02_clips\passing_note\PN01_passing_note_take08.mp4,passing_note,,PN01,8,B4,B3,"B4 , threw the paper to A4 instead of B3",,exclude
PN02_passing_note_take01.mp4,02_clips\passing_note\PN02_passing_note_take01.mp4,passing_note,,PN02,1,A4,A3,,,complete
PN02_passing_note_take02.mp4,02_clips\passing_note\PN02_passing_note_take02.mp4,passing_note,,PN02,2,A3,A2,,,complete
PN02_passing_note_take03.mp4,02_clips\passing_note\PN02_passing_note_take03.mp4,passing_note,,PN02,3,A2,A1,,,complete
PN02_passing_note_take04.mp4,02_clips\passing_note\PN02_passing_note_take04.mp4,passing_note,,PN02,4,A1,A2,"A1, still has the paper ",,exclude
PN02_passing_note_take05.mp4,02_clips\passing_note\PN02_passing_note_take05.mp4,passing_note,,PN02,5,B4,B3,"A1, still has the paper in half of the video",,exclude
PN02_passing_note_take06.mp4,02_clips\passing_note\PN02_passing_note_take06.mp4,passing_note,,PN02,6,B3,B2,,,complete
PN02_passing_note_take07.mp4,02_clips\passing_note\PN02_passing_note_take07.mp4,passing_note,,PN02,7,B2,B1,,,complete
PN02_passing_note_take08.mp4,02_clips\passing_note\PN02_passing_note_take08.mp4,passing_note,,PN02,8,B1,B2,"B1, still has the paper out",,exclude
PN03_passing_note_take01.mp4,02_clips\passing_note\PN03_passing_note_take01.mp4,passing_note,,PN03,1,A4,A3,,,complete
PN03_passing_note_take02.mp4,02_clips\passing_note\PN03_passing_note_take02.mp4,passing_note,,PN03,2,A3,A2,,,complete
PN03_passing_note_take03.mp4,02_clips\passing_note\PN03_passing_note_take03.mp4,passing_note,,PN03,3,A2,A1,,,complete
PN03_passing_note_take04.mp4,02_clips\passing_note\PN03_passing_note_take04.mp4,passing_note,,PN03,4,A1,A2,A1(still has the paper),,exclude
PN03_passing_note_take05.mp4,02_clips\passing_note\PN03_passing_note_take05.mp4,passing_note,,PN03,5,B4,B3,,,complete
PN03_passing_note_take06.mp4,02_clips\passing_note\PN03_passing_note_take06.mp4,passing_note,,PN03,6,B3,B2,,,complete
PN03_passing_note_take07.mp4,02_clips\passing_note\PN03_passing_note_take07.mp4,passing_note,,PN03,7,B2,B1,,,complete
PN03_passing_note_take08.mp4,02_clips\passing_note\PN03_passing_note_take08.mp4,passing_note,,PN03,8,B1,B2,"B1, still has the paper out",,exclude
PN04_passing_note_take01.mp4,02_clips\passing_note\PN04_passing_note_take01.mp4,passing_note,,PN04,1,A1,A2,,,complete
PN04_passing_note_take02.mp4,02_clips\passing_note\PN04_passing_note_take02.mp4,passing_note,,PN04,2,A2,A3,,,complete
PN04_passing_note_take03.mp4,02_clips\passing_note\PN04_passing_note_take03.mp4,passing_note,,PN04,3,A3,A4,,,complete
PN04_passing_note_take04.mp4,02_clips\passing_note\PN04_passing_note_take04.mp4,passing_note,,PN04,4,A4,A3,,,complete
PN04_passing_note_take05.mp4,02_clips\passing_note\PN04_passing_note_take05.mp4,passing_note,,PN04,5,B1,B2,,,complete
PN04_passing_note_take06.mp4,02_clips\passing_note\PN04_passing_note_take06.mp4,passing_note,,PN04,6,B2,B3,,,complete
PN04_passing_note_take07.mp4,02_clips\passing_note\PN04_passing_note_take07.mp4,passing_note,,PN04,7,B3,B4,,,complete
PN04_passing_note_take08.mp4,02_clips\passing_note\PN04_passing_note_take08.mp4,passing_note,,PN04,8,B4,B3,,,complete
PN05_passing_note_take01.mp4,02_clips\passing_note\PN05_passing_note_take01.mp4,passing_note,,PN05,1,A1,A2,,,complete
PN05_passing_note_take02.mp4,02_clips\passing_note\PN05_passing_note_take02.mp4,passing_note,,PN05,2,A2,A3,,,complete
PN05_passing_note_take03.mp4,02_clips\passing_note\PN05_passing_note_take03.mp4,passing_note,,PN05,3,A3,A4,Video got blured,,exclude
PN05_passing_note_take04.mp4,02_clips\passing_note\PN05_passing_note_take04.mp4,passing_note,,PN05,4,A4,A3,"A4 , didnt pass the note to A3",,exclude
PN05_passing_note_take05.mp4,02_clips\passing_note\PN05_passing_note_take05.mp4,passing_note,,PN05,5,B1,B2,,,complete
PN05_passing_note_take06.mp4,02_clips\passing_note\PN05_passing_note_take06.mp4,passing_note,,PN05,6,B2,B3,,,complete
PN05_passing_note_take07.mp4,02_clips\passing_note\PN05_passing_note_take07.mp4,passing_note,,PN05,7,B3,B4,,,complete
PN05_passing_note_take08.mp4,02_clips\passing_note\PN05_passing_note_take08.mp4,passing_note,,PN05,8,B4,B3,"B4 , didnt pass the note to B3",,exclude
L01_looking_sideways_take01.mp4,02_clips\looking_sideways\L01_looking_sideways_take01.mp4,looking_sideways,,L01,1,A1,A2,,,complete
L01_looking_sideways_take02.mp4,02_clips\looking_sideways\L01_looking_sideways_take02.mp4,looking_sideways,,L01,2,A2,A3,,,complete
L01_looking_sideways_take03.mp4,02_clips\looking_sideways\L01_looking_sideways_take03.mp4,looking_sideways,,L01,3,A3,A4,,,complete
L01_looking_sideways_take04.mp4,02_clips\looking_sideways\L01_looking_sideways_take04.mp4,looking_sideways,,L01,4,A4,A3,,,complete
L01_looking_sideways_take05.mp4,02_clips\looking_sideways\L01_looking_sideways_take05.mp4,looking_sideways,,L01,5,B1,B2,,,complete
L01_looking_sideways_take06.mp4,02_clips\looking_sideways\L01_looking_sideways_take06.mp4,looking_sideways,,L01,6,B2,B3,,,complete
L01_looking_sideways_take07.mp4,02_clips\looking_sideways\L01_looking_sideways_take07.mp4,looking_sideways,,L01,7,B3,B4,,,complete
L01_looking_sideways_take08.mp4,02_clips\looking_sideways\L01_looking_sideways_take08.mp4,looking_sideways,,L01,8,B4,B3,,,complete
L02_looking_sideways_take01.mp4,02_clips\looking_sideways\L02_looking_sideways_take01.mp4,looking_sideways,,L02,1,A1,A2,,,complete
L02_looking_sideways_take02.mp4,02_clips\looking_sideways\L02_looking_sideways_take02.mp4,looking_sideways,,L02,2,A2,A1,,,complete
L02_looking_sideways_take03.mp4,02_clips\looking_sideways\L02_looking_sideways_take03.mp4,looking_sideways,,L02,3,A3,A2,,,complete
L02_looking_sideways_take04.mp4,02_clips\looking_sideways\L02_looking_sideways_take04.mp4,looking_sideways,,L02,4,A4,A3,,,complete
L02_looking_sideways_take05.mp4,02_clips\looking_sideways\L02_looking_sideways_take05.mp4,looking_sideways,,L02,5,B1,B2,,,complete
L02_looking_sideways_take06.mp4,02_clips\looking_sideways\L02_looking_sideways_take06.mp4,looking_sideways,,L02,6,B2,B1,,,complete
L02_looking_sideways_take07.mp4,02_clips\looking_sideways\L02_looking_sideways_take07.mp4,looking_sideways,,L02,7,B3,B2,,,complete
L02_looking_sideways_take08.mp4,02_clips\looking_sideways\L02_looking_sideways_take08.mp4,looking_sideways,,L02,8,B4,B3,Movement not clear,,exclude
L03_looking_sideways_take01.mp4,02_clips\looking_sideways\L03_looking_sideways_take01.mp4,looking_sideways,,L03,1,A1,A2,Video not split accurately,,exclude
L03_looking_sideways_take02.mp4,02_clips\looking_sideways\L03_looking_sideways_take02.mp4,looking_sideways,,L03,2,A2,A1,Video not split accurately,,exclude
L03_looking_sideways_take03.mp4,02_clips\looking_sideways\L03_looking_sideways_take03.mp4,looking_sideways,,L03,3,A3,A2,,,complete
L03_looking_sideways_take04.mp4,02_clips\looking_sideways\L03_looking_sideways_take04.mp4,looking_sideways,,L03,4,A4,A3,,,complete
L03_looking_sideways_take05.mp4,02_clips\looking_sideways\L03_looking_sideways_take05.mp4,looking_sideways,,L03,5,B4,B3,,,complete
L03_looking_sideways_take06.mp4,02_clips\looking_sideways\L03_looking_sideways_take06.mp4,looking_sideways,,L03,6,B3,B2,,,complete
L03_looking_sideways_take07.mp4,02_clips\looking_sideways\L03_looking_sideways_take07.mp4,looking_sideways,,L03,7,B2,B1,,,complete
L03_looking_sideways_take08.mp4,02_clips\looking_sideways\L03_looking_sideways_take08.mp4,looking_sideways,,L03,8,B1,B2,,,complete
L04_looking_sideways_take01.mp4,02_clips\looking_sideways\L04_looking_sideways_take01.mp4,looking_sideways,,L04,1,B1,B2,,,complete
L04_looking_sideways_take02.mp4,02_clips\looking_sideways\L04_looking_sideways_take02.mp4,looking_sideways,,L04,2,B2,B3,,,complete
L04_looking_sideways_take03.mp4,02_clips\looking_sideways\L04_looking_sideways_take03.mp4,looking_sideways,,L04,3,B3,B4,,,complete
L04_looking_sideways_take04.mp4,02_clips\looking_sideways\L04_looking_sideways_take04.mp4,looking_sideways,,L04,4,B4,B3,,,complete
L04_looking_sideways_take05.mp4,02_clips\looking_sideways\L04_looking_sideways_take05.mp4,looking_sideways,,L04,5,A4,A3,,,complete
L04_looking_sideways_take06.mp4,02_clips\looking_sideways\L04_looking_sideways_take06.mp4,looking_sideways,,L04,6,A3,A4,,,complete
L04_looking_sideways_take07.mp4,02_clips\looking_sideways\L04_looking_sideways_take07.mp4,looking_sideways,,L04,7,A2,A3,,,complete
L04_looking_sideways_take08.mp4,02_clips\looking_sideways\L04_looking_sideways_take08.mp4,looking_sideways,,L04,8,A1,A2,,,complete
L05_looking_sideways_take01.mp4,02_clips\looking_sideways\L05_looking_sideways_take01.mp4,looking_sideways,,L05,1,A1,A2,,,complete
L05_looking_sideways_take02.mp4,02_clips\looking_sideways\L05_looking_sideways_take02.mp4,looking_sideways,,L05,2,A2,A1,,,complete
L05_looking_sideways_take03.mp4,02_clips\looking_sideways\L05_looking_sideways_take03.mp4,looking_sideways,,L05,3,A3,A4,,,complete
L05_looking_sideways_take04.mp4,02_clips\looking_sideways\L05_looking_sideways_take04.mp4,looking_sideways,,L05,4,A4,A3,,,complete
L05_looking_sideways_take05.mp4,02_clips\looking_sideways\L05_looking_sideways_take05.mp4,looking_sideways,,L05,5,B1,B2,,,complete
L05_looking_sideways_take06.mp4,02_clips\looking_sideways\L05_looking_sideways_take06.mp4,looking_sideways,,L05,6,B2,B3,,,complete
L05_looking_sideways_take07.mp4,02_clips\looking_sideways\L05_looking_sideways_take07.mp4,looking_sideways,,L05,7,B3,B4,,,complete
L05_looking_sideways_take08.mp4,02_clips\looking_sideways\L05_looking_sideways_take08.mp4,looking_sideways,,L05,8,B4,B3,,,complete
L06_looking_sideways_take01.mp4,02_clips\looking_sideways\L06_looking_sideways_take01.mp4,looking_sideways,,L06,1,A1,A2,,,complete
L06_looking_sideways_take02.mp4,02_clips\looking_sideways\L06_looking_sideways_take02.mp4,looking_sideways,,L06,2,A2,A1,Video not split accurately,,exclude
L06_looking_sideways_take03.mp4,02_clips\looking_sideways\L06_looking_sideways_take03.mp4,looking_sideways,,L06,3,A3,A2,,,complete
L06_looking_sideways_take04.mp4,02_clips\looking_sideways\L06_looking_sideways_take04.mp4,looking_sideways,,L06,4,A4,A3,,,complete
L06_looking_sideways_take05.mp4,02_clips\looking_sideways\L06_looking_sideways_take05.mp4,looking_sideways,,L06,5,B1,B2,Video not split accurately,,exclude
L06_looking_sideways_take06.mp4,02_clips\looking_sideways\L06_looking_sideways_take06.mp4,looking_sideways,,L06,6,B2,B3,,,complete
L06_looking_sideways_take07.mp4,02_clips\looking_sideways\L06_looking_sideways_take07.mp4,looking_sideways,,L06,7,B3,B4,,,complete
L06_looking_sideways_take08.mp4,02_clips\looking_sideways\L06_looking_sideways_take08.mp4,looking_sideways,,L06,8,B4,B3,Video not split accurately,,exclude
L07_looking_sideways_take01.mp4,02_clips\looking_sideways\L07_looking_sideways_take01.mp4,looking_sideways,,L07,1,A1,A2,,,complete
L07_looking_sideways_take02.mp4,02_clips\looking_sideways\L07_looking_sideways_take02.mp4,looking_sideways,,L07,2,A2,A3,,,complete
L07_looking_sideways_take03.mp4,02_clips\looking_sideways\L07_looking_sideways_take03.mp4,looking_sideways,,L07,3,A3,A4,,,complete
L07_looking_sideways_take04.mp4,02_clips\looking_sideways\L07_looking_sideways_take04.mp4,looking_sideways,,L07,4,A4,A3,,,complete
L07_looking_sideways_take05.mp4,02_clips\looking_sideways\L07_looking_sideways_take05.mp4,looking_sideways,,L07,5,B1,B2,Video not split accurately,,exclude
L07_looking_sideways_take06.mp4,02_clips\looking_sideways\L07_looking_sideways_take06.mp4,looking_sideways,,L07,6,B2,B3,Video not split accurately,,exclude
L07_looking_sideways_take07.mp4,02_clips\looking_sideways\L07_looking_sideways_take07.mp4,looking_sideways,,L07,7,B3,B4,,,complete
L07_looking_sideways_take08.mp4,02_clips\looking_sideways\L07_looking_sideways_take08.mp4,looking_sideways,,L07,8,B4,B3,,,complete
L08_looking_sideways_take01.mp4,02_clips\looking_sideways\L08_looking_sideways_take01.mp4,looking_sideways,,L08,1,A1,A2,,,complete
L08_looking_sideways_take02.mp4,02_clips\looking_sideways\L08_looking_sideways_take02.mp4,looking_sideways,,L08,2,A2,A3,,,complete
L08_looking_sideways_take03.mp4,02_clips\looking_sideways\L08_looking_sideways_take03.mp4,looking_sideways,,L08,3,A3,A4,,,complete
L08_looking_sideways_take04.mp4,02_clips\looking_sideways\L08_looking_sideways_take04.mp4,looking_sideways,,L08,4,A4,A3,Slight movement from Anupam ,,exclude
L08_looking_sideways_take05.mp4,02_clips\looking_sideways\L08_looking_sideways_take05.mp4,looking_sideways,,L08,5,B1,B2,,,complete
L08_looking_sideways_take06.mp4,02_clips\looking_sideways\L08_looking_sideways_take06.mp4,looking_sideways,,L08,6,B2,B3,,,complete
L08_looking_sideways_take07.mp4,02_clips\looking_sideways\L08_looking_sideways_take07.mp4,looking_sideways,,L08,7,B3,B4,,,complete
L08_looking_sideways_take08.mp4,02_clips\looking_sideways\L08_looking_sideways_take08.mp4,looking_sideways,,L08,8,B4,B3,,,complete
LE01_leaning_to_neighbor_take01.mp4,02_clips\leaning_to_neighbor\LE01_leaning_to_neighbor_take01.mp4,leaning_to_neighbor,,LE01,1,A1,A2,,,complete
LE01_leaning_to_neighbor_take02.mp4,02_clips\leaning_to_neighbor\LE01_leaning_to_neighbor_take02.mp4,leaning_to_neighbor,,LE01,2,A2,A3,,,complete
LE01_leaning_to_neighbor_take03.mp4,02_clips\leaning_to_neighbor\LE01_leaning_to_neighbor_take03.mp4,leaning_to_neighbor,,LE01,3,A3,A2,,,complete
LE01_leaning_to_neighbor_take04.mp4,02_clips\leaning_to_neighbor\LE01_leaning_to_neighbor_take04.mp4,leaning_to_neighbor,,LE01,4,A4,A3,,,complete
LE01_leaning_to_neighbor_take05.mp4,02_clips\leaning_to_neighbor\LE01_leaning_to_neighbor_take05.mp4,leaning_to_neighbor,,LE01,5,B1,B2,,,complete
LE01_leaning_to_neighbor_take06.mp4,02_clips\leaning_to_neighbor\LE01_leaning_to_neighbor_take06.mp4,leaning_to_neighbor,,LE01,6,B2,B3,,,complete
LE01_leaning_to_neighbor_take07.mp4,02_clips\leaning_to_neighbor\LE01_leaning_to_neighbor_take07.mp4,leaning_to_neighbor,,LE01,7,B3,B2,,,complete
LE01_leaning_to_neighbor_take08.mp4,02_clips\leaning_to_neighbor\LE01_leaning_to_neighbor_take08.mp4,leaning_to_neighbor,,LE01,8,B4,B3,,,complete
LE02_leaning_to_neighbor_take01.mp4,02_clips\leaning_to_neighbor\LE02_leaning_to_neighbor_take01.mp4,leaning_to_neighbor,,LE02,1,A1,A2,,,complete
LE02_leaning_to_neighbor_take02.mp4,02_clips\leaning_to_neighbor\LE02_leaning_to_neighbor_take02.mp4,leaning_to_neighbor,,LE02,2,A2,A3,,,complete
LE02_leaning_to_neighbor_take03.mp4,02_clips\leaning_to_neighbor\LE02_leaning_to_neighbor_take03.mp4,leaning_to_neighbor,,LE02,3,A3,A4,,,complete
LE02_leaning_to_neighbor_take04.mp4,02_clips\leaning_to_neighbor\LE02_leaning_to_neighbor_take04.mp4,leaning_to_neighbor,,LE02,4,A4,A3,,,complete
LE02_leaning_to_neighbor_take05.mp4,02_clips\leaning_to_neighbor\LE02_leaning_to_neighbor_take05.mp4,leaning_to_neighbor,,LE02,5,B1,B2,,,complete
LE02_leaning_to_neighbor_take06.mp4,02_clips\leaning_to_neighbor\LE02_leaning_to_neighbor_take06.mp4,leaning_to_neighbor,,LE02,6,B2,B3,,,complete
LE02_leaning_to_neighbor_take07.mp4,02_clips\leaning_to_neighbor\LE02_leaning_to_neighbor_take07.mp4,leaning_to_neighbor,,LE02,7,B3,B4,,,complete
LE02_leaning_to_neighbor_take08.mp4,02_clips\leaning_to_neighbor\LE02_leaning_to_neighbor_take08.mp4,leaning_to_neighbor,,LE02,8,B4,B3,,,complete
LE03_leaning_to_neighbor_take01.mp4,02_clips\leaning_to_neighbor\LE03_leaning_to_neighbor_take01.mp4,leaning_to_neighbor,,LE03,1,A1,A2,,,complete
LE03_leaning_to_neighbor_take02.mp4,02_clips\leaning_to_neighbor\LE03_leaning_to_neighbor_take02.mp4,leaning_to_neighbor,,LE03,2,A2,A3,,,complete
LE03_leaning_to_neighbor_take03.mp4,02_clips\leaning_to_neighbor\LE03_leaning_to_neighbor_take03.mp4,leaning_to_neighbor,,LE03,3,A3,A4,,,complete
LE03_leaning_to_neighbor_take04.mp4,02_clips\leaning_to_neighbor\LE03_leaning_to_neighbor_take04.mp4,leaning_to_neighbor,,LE03,4,A4,A3,,,complete
LE03_leaning_to_neighbor_take05.mp4,02_clips\leaning_to_neighbor\LE03_leaning_to_neighbor_take05.mp4,leaning_to_neighbor,,LE03,5,B1,B2,,,complete
LE03_leaning_to_neighbor_take06.mp4,02_clips\leaning_to_neighbor\LE03_leaning_to_neighbor_take06.mp4,leaning_to_neighbor,,LE03,6,B2,B1,,,complete
LE03_leaning_to_neighbor_take07.mp4,02_clips\leaning_to_neighbor\LE03_leaning_to_neighbor_take07.mp4,leaning_to_neighbor,,LE03,7,B3,B2,,,complete
LE03_leaning_to_neighbor_take08.mp4,02_clips\leaning_to_neighbor\LE03_leaning_to_neighbor_take08.mp4,leaning_to_neighbor,,LE03,8,B4,B3,,,complete
LE04_leaning_to_neighbor_take01.mp4,02_clips\leaning_to_neighbor\LE04_leaning_to_neighbor_take01.mp4,leaning_to_neighbor,,LE04,1,A1,A2,,,complete
LE04_leaning_to_neighbor_take02.mp4,02_clips\leaning_to_neighbor\LE04_leaning_to_neighbor_take02.mp4,leaning_to_neighbor,,LE04,2,A2,A1,,,complete
LE04_leaning_to_neighbor_take03.mp4,02_clips\leaning_to_neighbor\LE04_leaning_to_neighbor_take03.mp4,leaning_to_neighbor,,LE04,3,A3,A4,,,complete
LE04_leaning_to_neighbor_take04.mp4,02_clips\leaning_to_neighbor\LE04_leaning_to_neighbor_take04.mp4,leaning_to_neighbor,,LE04,4,A4,A3,,,complete
LE04_leaning_to_neighbor_take05.mp4,02_clips\leaning_to_neighbor\LE04_leaning_to_neighbor_take05.mp4,leaning_to_neighbor,,LE04,5,B1,B2,,,complete
LE04_leaning_to_neighbor_take06.mp4,02_clips\leaning_to_neighbor\LE04_leaning_to_neighbor_take06.mp4,leaning_to_neighbor,,LE04,6,B2,B1,,,complete
LE04_leaning_to_neighbor_take07.mp4,02_clips\leaning_to_neighbor\LE04_leaning_to_neighbor_take07.mp4,leaning_to_neighbor,,LE04,7,B3,B2,,,complete
LE04_leaning_to_neighbor_take08.mp4,02_clips\leaning_to_neighbor\LE04_leaning_to_neighbor_take08.mp4,leaning_to_neighbor,,LE04,8,B4,B3,,,complete
LE05_leaning_to_neighbor_take01.mp4,02_clips\leaning_to_neighbor\LE05_leaning_to_neighbor_take01.mp4,leaning_to_neighbor,,LE05,1,A1,A2,,,complete
LE05_leaning_to_neighbor_take02.mp4,02_clips\leaning_to_neighbor\LE05_leaning_to_neighbor_take02.mp4,leaning_to_neighbor,,LE05,2,A2,A3,,,complete
LE05_leaning_to_neighbor_take03.mp4,02_clips\leaning_to_neighbor\LE05_leaning_to_neighbor_take03.mp4,leaning_to_neighbor,,LE05,3,A3,A4,,,complete
LE05_leaning_to_neighbor_take04.mp4,02_clips\leaning_to_neighbor\LE05_leaning_to_neighbor_take04.mp4,leaning_to_neighbor,,LE05,4,A4,A3,,,complete
LE05_leaning_to_neighbor_take05.mp4,02_clips\leaning_to_neighbor\LE05_leaning_to_neighbor_take05.mp4,leaning_to_neighbor,,LE05,5,B1,B2,,,complete
LE05_leaning_to_neighbor_take06.mp4,02_clips\leaning_to_neighbor\LE05_leaning_to_neighbor_take06.mp4,leaning_to_neighbor,,LE05,6,B2,B3,,,complete
LE05_leaning_to_neighbor_take07.mp4,02_clips\leaning_to_neighbor\LE05_leaning_to_neighbor_take07.mp4,leaning_to_neighbor,,LE05,7,B3,B4,,,complete
LE05_leaning_to_neighbor_take08.mp4,02_clips\leaning_to_neighbor\LE05_leaning_to_neighbor_take08.mp4,leaning_to_neighbor,,LE05,8,B4,B3,,,complete
LE06_leaning_to_neighbor_take01.mp4,02_clips\leaning_to_neighbor\LE06_leaning_to_neighbor_take01.mp4,leaning_to_neighbor,,LE06,1,A1,A2,,,complete
LE06_leaning_to_neighbor_take02.mp4,02_clips\leaning_to_neighbor\LE06_leaning_to_neighbor_take02.mp4,leaning_to_neighbor,,LE06,2,A2,A3,,,complete
LE06_leaning_to_neighbor_take03.mp4,02_clips\leaning_to_neighbor\LE06_leaning_to_neighbor_take03.mp4,leaning_to_neighbor,,LE06,3,A3,A4,,,complete
LE06_leaning_to_neighbor_take04.mp4,02_clips\leaning_to_neighbor\LE06_leaning_to_neighbor_take04.mp4,leaning_to_neighbor,,LE06,4,A4,A3,,,complete
LE06_leaning_to_neighbor_take05.mp4,02_clips\leaning_to_neighbor\LE06_leaning_to_neighbor_take05.mp4,leaning_to_neighbor,,LE06,5,B1,B2,,,complete
LE06_leaning_to_neighbor_take06.mp4,02_clips\leaning_to_neighbor\LE06_leaning_to_neighbor_take06.mp4,leaning_to_neighbor,,LE06,6,B2,B3,,,complete
LE06_leaning_to_neighbor_take07.mp4,02_clips\leaning_to_neighbor\LE06_leaning_to_neighbor_take07.mp4,leaning_to_neighbor,,LE06,7,B3,B4,,,complete
LE06_leaning_to_neighbor_take08.mp4,02_clips\leaning_to_neighbor\LE06_leaning_to_neighbor_take08.mp4,leaning_to_neighbor,,LE06,8,B4,B3,,,complete
LE07_leaning_to_neighbor_take01.mp4,02_clips\leaning_to_neighbor\LE07_leaning_to_neighbor_take01.mp4,leaning_to_neighbor,,LE07,1,A1,A2,,,complete
LE07_leaning_to_neighbor_take02.mp4,02_clips\leaning_to_neighbor\LE07_leaning_to_neighbor_take02.mp4,leaning_to_neighbor,,LE07,2,A2,A1,,,complete
LE07_leaning_to_neighbor_take03.mp4,02_clips\leaning_to_neighbor\LE07_leaning_to_neighbor_take03.mp4,leaning_to_neighbor,,LE07,3,A3,A4,,,complete
LE07_leaning_to_neighbor_take04.mp4,02_clips\leaning_to_neighbor\LE07_leaning_to_neighbor_take04.mp4,leaning_to_neighbor,,LE07,4,A4,A3,,,complete
LE07_leaning_to_neighbor_take05.mp4,02_clips\leaning_to_neighbor\LE07_leaning_to_neighbor_take05.mp4,leaning_to_neighbor,,LE07,5,B1,B2,,,complete
LE07_leaning_to_neighbor_take06.mp4,02_clips\leaning_to_neighbor\LE07_leaning_to_neighbor_take06.mp4,leaning_to_neighbor,,LE07,6,B2,B3,,,complete
LE07_leaning_to_neighbor_take07.mp4,02_clips\leaning_to_neighbor\LE07_leaning_to_neighbor_take07.mp4,leaning_to_neighbor,,LE07,7,B3,B4,,,complete
LE07_leaning_to_neighbor_take08.mp4,02_clips\leaning_to_neighbor\LE07_leaning_to_neighbor_take08.mp4,leaning_to_neighbor,,LE07,8,B4,B3,,,complete
LE08_leaning_to_neighbor_take01.mp4,02_clips\leaning_to_neighbor\LE08_leaning_to_neighbor_take01.mp4,leaning_to_neighbor,,LE08,1,A1,A2,,,complete
LE08_leaning_to_neighbor_take02.mp4,02_clips\leaning_to_neighbor\LE08_leaning_to_neighbor_take02.mp4,leaning_to_neighbor,,LE08,2,A2,A3,,,complete
LE08_leaning_to_neighbor_take03.mp4,02_clips\leaning_to_neighbor\LE08_leaning_to_neighbor_take03.mp4,leaning_to_neighbor,,LE08,3,A3,A4,,,complete
LE08_leaning_to_neighbor_take04.mp4,02_clips\leaning_to_neighbor\LE08_leaning_to_neighbor_take04.mp4,leaning_to_neighbor,,LE08,4,A4,A3,Anupam yawned,,exclude
LE08_leaning_to_neighbor_take05.mp4,02_clips\leaning_to_neighbor\LE08_leaning_to_neighbor_take05.mp4,leaning_to_neighbor,,LE08,5,B1,B2,,,complete
LE08_leaning_to_neighbor_take06.mp4,02_clips\leaning_to_neighbor\LE08_leaning_to_neighbor_take06.mp4,leaning_to_neighbor,,LE08,6,B2,B3,,,complete
LE08_leaning_to_neighbor_take07.mp4,02_clips\leaning_to_neighbor\LE08_leaning_to_neighbor_take07.mp4,leaning_to_neighbor,,LE08,7,B3,B4,,,complete
LE08_leaning_to_neighbor_take08.mp4,02_clips\leaning_to_neighbor\LE08_leaning_to_neighbor_take08.mp4,leaning_to_neighbor,,LE08,8,B4,B3,,,complete
T01_talking_to_neighbor_take01.mp4,02_clips\talking_to_neighbor\T01_talking_to_neighbor_take01.mp4,talking_to_neighbor,,T01,1,A1,A2,,,complete
T01_talking_to_neighbor_take02.mp4,02_clips\talking_to_neighbor\T01_talking_to_neighbor_take02.mp4,talking_to_neighbor,,T01,2,A2,A3,Slight Movement from A1 & A2(Chandan & Anupam) ,,exclude
T01_talking_to_neighbor_take03.mp4,02_clips\talking_to_neighbor\T01_talking_to_neighbor_take03.mp4,talking_to_neighbor,,T01,3,A3,A4,,,complete
T01_talking_to_neighbor_take04.mp4,02_clips\talking_to_neighbor\T01_talking_to_neighbor_take04.mp4,talking_to_neighbor,,T01,4,B1,B2,,,complete
T01_talking_to_neighbor_take05.mp4,02_clips\talking_to_neighbor\T01_talking_to_neighbor_take05.mp4,talking_to_neighbor,,T01,5,B2,B3,,,complete
T01_talking_to_neighbor_take06.mp4,02_clips\talking_to_neighbor\T01_talking_to_neighbor_take06.mp4,talking_to_neighbor,,T01,6,B3,B4,,,complete
T02_talking_to_neighbor_take01.mp4,02_clips\talking_to_neighbor\T02_talking_to_neighbor_take01.mp4,talking_to_neighbor,,T02,1,A1,A2,,,complete
T02_talking_to_neighbor_take02.mp4,02_clips\talking_to_neighbor\T02_talking_to_neighbor_take02.mp4,talking_to_neighbor,,T02,2,A2,A3,,,complete
T02_talking_to_neighbor_take03.mp4,02_clips\talking_to_neighbor\T02_talking_to_neighbor_take03.mp4,talking_to_neighbor,,T02,3,A3,A4,,,complete
T02_talking_to_neighbor_take04.mp4,02_clips\talking_to_neighbor\T02_talking_to_neighbor_take04.mp4,talking_to_neighbor,,T02,4,B1,B2,,,complete
T02_talking_to_neighbor_take05.mp4,02_clips\talking_to_neighbor\T02_talking_to_neighbor_take05.mp4,talking_to_neighbor,,T02,5,B2,B3,,,complete
T02_talking_to_neighbor_take06.mp4,02_clips\talking_to_neighbor\T02_talking_to_neighbor_take06.mp4,talking_to_neighbor,,T02,6,B3,B4,,,complete
T03_talking_to_neighbor_take01.mp4,02_clips\talking_to_neighbor\T03_talking_to_neighbor_take01.mp4,talking_to_neighbor,,T03,1,A1,A2,,,complete
T03_talking_to_neighbor_take02.mp4,02_clips\talking_to_neighbor\T03_talking_to_neighbor_take02.mp4,talking_to_neighbor,,T03,2,A2,A3,,,complete
T03_talking_to_neighbor_take03.mp4,02_clips\talking_to_neighbor\T03_talking_to_neighbor_take03.mp4,talking_to_neighbor,,T03,3,A3,A4,,,complete
T03_talking_to_neighbor_take04.mp4,02_clips\talking_to_neighbor\T03_talking_to_neighbor_take04.mp4,talking_to_neighbor,,T03,4,B1,B2,,,complete
T03_talking_to_neighbor_take05.mp4,02_clips\talking_to_neighbor\T03_talking_to_neighbor_take05.mp4,talking_to_neighbor,,T03,5,B2,B3,,,complete
T03_talking_to_neighbor_take06.mp4,02_clips\talking_to_neighbor\T03_talking_to_neighbor_take06.mp4,talking_to_neighbor,,T03,6,B3,B4,,,complete
T04_talking_to_neighbor_take01.mp4,02_clips\talking_to_neighbor\T04_talking_to_neighbor_take01.mp4,talking_to_neighbor,,T04,1,A1,A2,,,complete
T04_talking_to_neighbor_take02.mp4,02_clips\talking_to_neighbor\T04_talking_to_neighbor_take02.mp4,talking_to_neighbor,,T04,2,A2,A3,,,complete
T04_talking_to_neighbor_take03.mp4,02_clips\talking_to_neighbor\T04_talking_to_neighbor_take03.mp4,talking_to_neighbor,,T04,3,A3,A4,,,complete
T04_talking_to_neighbor_take04.mp4,02_clips\talking_to_neighbor\T04_talking_to_neighbor_take04.mp4,talking_to_neighbor,,T04,4,B1,B2,,,complete
T04_talking_to_neighbor_take05.mp4,02_clips\talking_to_neighbor\T04_talking_to_neighbor_take05.mp4,talking_to_neighbor,,T04,5,B2,B3,,,complete
T04_talking_to_neighbor_take06.mp4,02_clips\talking_to_neighbor\T04_talking_to_neighbor_take06.mp4,talking_to_neighbor,,T04,6,B3,B4,,,complete
T05_talking_to_neighbor_take01.mp4,02_clips\talking_to_neighbor\T05_talking_to_neighbor_take01.mp4,talking_to_neighbor,,T05,1,A1,A2,,,complete
T05_talking_to_neighbor_take02.mp4,02_clips\talking_to_neighbor\T05_talking_to_neighbor_take02.mp4,talking_to_neighbor,,T05,2,A2,A3,,,complete
T05_talking_to_neighbor_take03.mp4,02_clips\talking_to_neighbor\T05_talking_to_neighbor_take03.mp4,talking_to_neighbor,,T05,3,A3,A4,,,complete
T05_talking_to_neighbor_take04.mp4,02_clips\talking_to_neighbor\T05_talking_to_neighbor_take04.mp4,talking_to_neighbor,,T05,4,B1,B2,,,complete
T05_talking_to_neighbor_take05.mp4,02_clips\talking_to_neighbor\T05_talking_to_neighbor_take05.mp4,talking_to_neighbor,,T05,5,B2,B3,,,complete
T05_talking_to_neighbor_take06.mp4,02_clips\talking_to_neighbor\T05_talking_to_neighbor_take06.mp4,talking_to_neighbor,,T05,6,B3,B4,,,complete
T06_talking_to_neighbor_take01.mp4,02_clips\talking_to_neighbor\T06_talking_to_neighbor_take01.mp4,talking_to_neighbor,,T06,1,A1,A2,,,complete
T06_talking_to_neighbor_take02.mp4,02_clips\talking_to_neighbor\T06_talking_to_neighbor_take02.mp4,talking_to_neighbor,,T06,2,A2,A3,,,complete
T06_talking_to_neighbor_take03.mp4,02_clips\talking_to_neighbor\T06_talking_to_neighbor_take03.mp4,talking_to_neighbor,,T06,3,A3,A4,,,complete
T06_talking_to_neighbor_take04.mp4,02_clips\talking_to_neighbor\T06_talking_to_neighbor_take04.mp4,talking_to_neighbor,,T06,4,B1,B2,,,complete
T06_talking_to_neighbor_take05.mp4,02_clips\talking_to_neighbor\T06_talking_to_neighbor_take05.mp4,talking_to_neighbor,,T06,5,B2,B3,,,complete
T06_talking_to_neighbor_take06.mp4,02_clips\talking_to_neighbor\T06_talking_to_neighbor_take06.mp4,talking_to_neighbor,,T06,6,B3,B4,,,complete
T07_talking_to_neighbor_take01.mp4,02_clips\talking_to_neighbor\T07_talking_to_neighbor_take01.mp4,talking_to_neighbor,,T07,1,A1,A2,,,complete
T07_talking_to_neighbor_take02.mp4,02_clips\talking_to_neighbor\T07_talking_to_neighbor_take02.mp4,talking_to_neighbor,,T07,2,A2,A3,,,complete
T07_talking_to_neighbor_take03.mp4,02_clips\talking_to_neighbor\T07_talking_to_neighbor_take03.mp4,talking_to_neighbor,,T07,3,A3,A4,Movements from Anupam (B1),,exclude
T07_talking_to_neighbor_take04.mp4,02_clips\talking_to_neighbor\T07_talking_to_neighbor_take04.mp4,talking_to_neighbor,,T07,4,B1,B2,,,complete
T07_talking_to_neighbor_take05.mp4,02_clips\talking_to_neighbor\T07_talking_to_neighbor_take05.mp4,talking_to_neighbor,,T07,5,B2,B3,,,complete
T07_talking_to_neighbor_take06.mp4,02_clips\talking_to_neighbor\T07_talking_to_neighbor_take06.mp4,talking_to_neighbor,,T07,6,B3,B4,,,complete
T08_talking_to_neighbor_take01.mp4,02_clips\talking_to_neighbor\T08_talking_to_neighbor_take01.mp4,talking_to_neighbor,,T08,1,A1,A2,,,complete
T08_talking_to_neighbor_take02.mp4,02_clips\talking_to_neighbor\T08_talking_to_neighbor_take02.mp4,talking_to_neighbor,,T08,2,A2,A3,,,complete
T08_talking_to_neighbor_take03.mp4,02_clips\talking_to_neighbor\T08_talking_to_neighbor_take03.mp4,talking_to_neighbor,,T08,3,A3,A4,,,complete
T08_talking_to_neighbor_take04.mp4,02_clips\talking_to_neighbor\T08_talking_to_neighbor_take04.mp4,talking_to_neighbor,,T08,4,B1,B2,,,complete
T08_talking_to_neighbor_take05.mp4,02_clips\talking_to_neighbor\T08_talking_to_neighbor_take05.mp4,talking_to_neighbor,,T08,5,B2,B3,,,complete
T08_talking_to_neighbor_take06.mp4,02_clips\talking_to_neighbor\T08_talking_to_neighbor_take06.mp4,talking_to_neighbor,,T08,6,B3,B4,,,complete
LD01_looking_down_take01.mp4,02_clips\looking_down\LD01_looking_down_take01.mp4,looking_down,,LD01,1,A1,A2,,,complete
LD01_looking_down_take02.mp4,02_clips\looking_down\LD01_looking_down_take02.mp4,looking_down,,LD01,2,A2,A3,,,complete
LD01_looking_down_take03.mp4,02_clips\looking_down\LD01_looking_down_take03.mp4,looking_down,,LD01,3,A3,A4,,,complete
LD01_looking_down_take04.mp4,02_clips\looking_down\LD01_looking_down_take04.mp4,looking_down,,LD01,4,A4,A3,,,complete
LD01_looking_down_take05.mp4,02_clips\looking_down\LD01_looking_down_take05.mp4,looking_down,,LD01,5,B1,B2,,,complete
LD01_looking_down_take06.mp4,02_clips\looking_down\LD01_looking_down_take06.mp4,looking_down,,LD01,6,B2,B3,,,complete
LD01_looking_down_take07.mp4,02_clips\looking_down\LD01_looking_down_take07.mp4,looking_down,,LD01,7,B3,B4,,,complete
LD01_looking_down_take08.mp4,02_clips\looking_down\LD01_looking_down_take08.mp4,looking_down,,LD01,8,B4,B3,,,complete
LD02_looking_down_take01.mp4,02_clips\looking_down\LD02_looking_down_take01.mp4,looking_down,,LD02,1,A1,A2,,,complete
LD02_looking_down_take02.mp4,02_clips\looking_down\LD02_looking_down_take02.mp4,looking_down,,LD02,2,A2,A3,,,complete
LD02_looking_down_take03.mp4,02_clips\looking_down\LD02_looking_down_take03.mp4,looking_down,,LD02,3,A3,A4,,,complete
LD02_looking_down_take04.mp4,02_clips\looking_down\LD02_looking_down_take04.mp4,looking_down,,LD02,4,A4,A3,,,complete
LD02_looking_down_take05.mp4,02_clips\looking_down\LD02_looking_down_take05.mp4,looking_down,,LD02,5,B1,B2,,,complete
LD02_looking_down_take06.mp4,02_clips\looking_down\LD02_looking_down_take06.mp4,looking_down,,LD02,6,B2,B3,,,complete
LD02_looking_down_take07.mp4,02_clips\looking_down\LD02_looking_down_take07.mp4,looking_down,,LD02,7,B3,B4,Was not looking like he was looking down,,exclude
LD02_looking_down_take08.mp4,02_clips\looking_down\LD02_looking_down_take08.mp4,looking_down,,LD02,8,B4,B3,,,complete
LD03_looking_down_take01.mp4,02_clips\looking_down\LD03_looking_down_take01.mp4,looking_down,,LD03,1,A1,A2,,,complete
LD03_looking_down_take02.mp4,02_clips\looking_down\LD03_looking_down_take02.mp4,looking_down,,LD03,2,A2,A3,"Not sure , luki hand were already down ",,exclude
LD03_looking_down_take03.mp4,02_clips\looking_down\LD03_looking_down_take03.mp4,looking_down,,LD03,3,A3,A4,,,complete
LD03_looking_down_take04.mp4,02_clips\looking_down\LD03_looking_down_take04.mp4,looking_down,,LD03,4,A4,A3,,,complete
LD03_looking_down_take05.mp4,02_clips\looking_down\LD03_looking_down_take05.mp4,looking_down,,LD03,5,B1,B2,"Not sure , it was a perfect look down",,exclude
LD03_looking_down_take06.mp4,02_clips\looking_down\LD03_looking_down_take06.mp4,looking_down,,LD03,6,B2,B3,,,complete
LD03_looking_down_take07.mp4,02_clips\looking_down\LD03_looking_down_take07.mp4,looking_down,,LD03,7,B3,B4,,,complete
LD03_looking_down_take08.mp4,02_clips\looking_down\LD03_looking_down_take08.mp4,looking_down,,LD03,8,B4,B3,,,complete
LD04_looking_down_take01.mp4,02_clips\looking_down\LD04_looking_down_take01.mp4,looking_down,,LD04,1,A1,A2,,,complete
LD04_looking_down_take02.mp4,02_clips\looking_down\LD04_looking_down_take02.mp4,looking_down,,LD04,2,A2,A3,,,complete
LD04_looking_down_take03.mp4,02_clips\looking_down\LD04_looking_down_take03.mp4,looking_down,,LD04,3,A3,A4,,,complete
LD04_looking_down_take04.mp4,02_clips\looking_down\LD04_looking_down_take04.mp4,looking_down,,LD04,4,A4,A3,,,complete
LD04_looking_down_take05.mp4,02_clips\looking_down\LD04_looking_down_take05.mp4,looking_down,,LD04,5,B4,B3,,,complete
LD04_looking_down_take06.mp4,02_clips\looking_down\LD04_looking_down_take06.mp4,looking_down,,LD04,6,B3,B2,,,complete
LD04_looking_down_take07.mp4,02_clips\looking_down\LD04_looking_down_take07.mp4,looking_down,,LD04,7,B2,B1,,,complete
LD04_looking_down_take08.mp4,02_clips\looking_down\LD04_looking_down_take08.mp4,looking_down,,LD04,8,B1,B2,,,complete
LD05_looking_down_take01.mp4,02_clips\looking_down\LD05_looking_down_take01.mp4,looking_down,,LD05,1,A1,A2,,,complete
LD05_looking_down_take02.mp4,02_clips\looking_down\LD05_looking_down_take02.mp4,looking_down,,LD05,2,A2,A3,"A1, luki was using phone xd",,exclude
LD05_looking_down_take03.mp4,02_clips\looking_down\LD05_looking_down_take03.mp4,looking_down,,LD05,3,A3,A4,,,complete
LD05_looking_down_take04.mp4,02_clips\looking_down\LD05_looking_down_take04.mp4,looking_down,,LD05,4,A4,A3,,,complete
LD05_looking_down_take05.mp4,02_clips\looking_down\LD05_looking_down_take05.mp4,looking_down,,LD05,5,B4,B3,,,complete
LD05_looking_down_take06.mp4,02_clips\looking_down\LD05_looking_down_take06.mp4,looking_down,,LD05,6,B3,B2,,,complete
LD05_looking_down_take07.mp4,02_clips\looking_down\LD05_looking_down_take07.mp4,looking_down,,LD05,7,B2,B1,,,complete
LD05_looking_down_take08.mp4,02_clips\looking_down\LD05_looking_down_take08.mp4,looking_down,,LD05,8,B1,B2,,,complete
LD06_looking_down_take01.mp4,02_clips\looking_down\LD06_looking_down_take01.mp4,looking_down,,LD06,1,A1,A2,,,complete
LD06_looking_down_take02.mp4,02_clips\looking_down\LD06_looking_down_take02.mp4,looking_down,,LD06,2,A2,A3,,,complete
LD06_looking_down_take03.mp4,02_clips\looking_down\LD06_looking_down_take03.mp4,looking_down,,LD06,3,A3,A4,"A2, chandan also looked down at the same time",,exclude
LD06_looking_down_take04.mp4,02_clips\looking_down\LD06_looking_down_take04.mp4,looking_down,,LD06,4,A4,A3,,,complete
LD06_looking_down_take05.mp4,02_clips\looking_down\LD06_looking_down_take05.mp4,looking_down,,LD06,5,B1,B2,,,complete
LD06_looking_down_take06.mp4,02_clips\looking_down\LD06_looking_down_take06.mp4,looking_down,,LD06,6,B2,B3,,,complete
LD06_looking_down_take07.mp4,02_clips\looking_down\LD06_looking_down_take07.mp4,looking_down,,LD06,7,B3,B4,,,complete
LD06_looking_down_take08.mp4,02_clips\looking_down\LD06_looking_down_take08.mp4,looking_down,,LD06,8,B4,B3,"B3, Luki lookings side ways",,exclude
