clip_name,behavior_class,target_seat,scenario_id,num_frames,overall_visibility,quality,bad_nose_frames_pct,bad_wrist_frames_pct,nose,left_eye,right_eye,left_ear,right_ear,mouth_left,mouth_right,left_shoulder,right_shoulder,left_elbow,right_elbow,left_wrist,right_wrist,left_hip,right_hip
HN01_normal_take01,normal,A1,HN01,249,0.986,good,0.0,0.0,0.998,0.997,0.998,0.996,0.998,0.998,0.999,0.999,1.0,0.985,0.985,0.979,0.96,0.943,0.959
HN01_normal_take02,normal,A2,HN01,249,0.981,good,0.0,0.0,0.998,0.997,0.998,0.997,0.999,0.998,0.999,1.0,0.999,0.987,0.977,0.978,0.942,0.912,0.937
HN01_normal_take03,normal,A3,HN01,249,0.972,good,0.0,0.0,0.999,0.999,0.999,0.998,0.999,0.999,1.0,1.0,1.0,0.988,0.977,0.978,0.946,0.833,0.863
HN01_normal_take04,normal,A4,HN01,249,0.966,good,1.2,1.2,0.992,0.992,0.991,0.993,0.992,0.993,0.995,0.999,0.998,0.971,0.948,0.963,0.901,0.871,0.887
HN01_normal_take05,normal,B1,HN01,249,0.977,good,0.0,0.0,0.994,0.992,0.994,0.991,0.996,0.992,0.996,0.999,0.999,0.967,0.974,0.966,0.936,0.918,0.94
HN01_normal_take06,normal,B2,HN01,249,0.978,good,0.4,0.4,0.993,0.992,0.993,0.992,0.996,0.996,0.998,0.999,0.999,0.973,0.971,0.972,0.934,0.923,0.941
HN01_normal_take07,normal,B3,HN01,249,0.976,good,2.4,2.4,0.995,0.994,0.993,0.995,0.993,0.997,0.997,0.999,0.998,0.961,0.967,0.955,0.934,0.919,0.941
HN01_normal_take08,normal,B4,HN01,249,0.979,good,1.6,1.6,0.998,0.997,0.998,0.997,0.999,0.999,0.999,0.999,0.999,0.974,0.967,0.952,0.914,0.937,0.954
HN02_normal_take01,normal,A1,HN02,249,0.969,good,0.0,0.0,1.0,1.0,1.0,1.0,1.0,1.0,1.0,1.0,0.999,0.984,0.979,0.96,0.94,0.828,0.852
HN02_normal_take02,normal,A2,HN02,249,0.968,good,0.0,0.0,1.0,1.0,1.0,1.0,1.0,1.0,1.0,1.0,0.999,0.984,0.982,0.966,0.953,0.807,0.826
HN02_normal_take03,normal,A3,HN02,249,0.964,good,0.0,0.0,1.0,1.0,1.0,1.0,1.0,1.0,1.0,1.0,1.0,0.978,0.988,0.963,0.972,0.773,0.793
HN02_normal_take04,normal,A4,HN02,249,0.98,good,0.0,0.0,1.0,1.0,1.0,1.0,1.0,1.0,1.0,1.0,1.0,0.984,0.992,0.975,0.975,0.881,0.887
HN02_normal_take05,normal,B1,HN02,249,0.981,good,0.0,0.0,1.0,1.0,1.0,1.0,1.0,1.0,1.0,1.0,1.0,0.982,0.991,0.961,0.977,0.897,0.913
HN02_normal_take06,normal,B2,HN02,249,0.979,good,0.0,0.0,1.0,1.0,1.0,1.0,1.0,1.0,1.0,1.0,1.0,0.985,0.991,0.973,0.977,0.871,0.887
HN02_normal_take07,normal,B3,HN02,249,0.969,good,0.0,0.0,0.998,0.998,0.998,0.998,0.999,0.998,0.998,0.999,0.999,0.976,0.985,0.966,0.972,0.819,0.837
HN02_normal_take08,normal,B4,HN02,249,0.973,good,0.0,0.0,1.0,1.0,1.0,1.0,1.0,1.0,1.0,0.999,0.999,0.979,0.985,0.954,0.959,0.848,0.871
HN03_normal_take01,normal,A1,HN03,249,0.974,good,0.0,0.0,1.0,1.0,1.0,1.0,1.0,1.0,1.0,1.0,0.999,0.955,0.941,0.935,0.887,0.946,0.948
HN03_normal_take02,normal,A2,HN03,249,0.969,good,0.0,0.0,1.0,1.0,1.0,1.0,1.0,1.0,1.0,1.0,0.999,0.958,0.939,0.947,0.883,0.905,0.908
HN03_normal_take03,normal,A3,HN03,249,0.971,good,0.0,0.0,1.0,1.0,1.0,1.0,1.0,1.0,1.0,1.0,0.999,0.95,0.962,0.945,0.908,0.9,0.9
HN03_normal_take04,normal,A4,HN03,249,0.976,good,0.4,0.4,1.0,1.0,1.0,1.0,1.0,1.0,1.0,1.0,0.999,0.964,0.96,0.944,0.895,0.935,0.941
HN03_normal_take06,normal,B2,HN03,249,0.986,good,0.0,0.0,1.0,0.999,1.0,1.0,1.0,1.0,1.0,1.0,1.0,0.986,0.975,0.965,0.914,0.97,0.977
HN03_normal_take07,normal,B3,HN03,249,0.984,good,0.0,0.0,1.0,1.0,1.0,1.0,1.0,1.0,1.0,1.0,0.999,0.982,0.967,0.958,0.9,0.973,0.977
HN03_normal_take08,normal,B4,HN03,249,0.985,good,0.0,0.0,1.0,1.0,1.0,1.0,1.0,1.0,1.0,1.0,1.0,0.981,0.974,0.958,0.914,0.969,0.976
HN04_normal_take01,normal,A1,HN04,249,0.981,good,0.0,0.0,1.0,1.0,1.0,1.0,1.0,1.0,1.0,1.0,0.999,0.981,0.982,0.973,0.93,0.917,0.934
HN04_normal_take02,normal,A2,HN04,249,0.978,good,0.0,0.0,1.0,1.0,1.0,1.0,1.0,1.0,1.0,0.999,1.0,0.974,0.985,0.963,0.941,0.89,0.916
HN04_normal_take07,normal,B3,HN04,249,0.979,good,0.0,0.0,0.998,0.999,0.997,0.999,0.997,0.998,0.996,1.0,0.996,0.977,0.967,0.954,0.926,0.936,0.948
HN04_normal_take08,normal,B4,HN04,249,0.982,good,0.0,0.0,0.999,0.999,1.0,1.0,1.0,1.0,1.0,1.0,1.0,0.975,0.971,0.953,0.921,0.942,0.965
HN05_normal_take01,normal,A1,HN05,249,0.958,good,0.4,0.4,0.993,0.995,0.994,0.996,0.996,0.994,0.994,1.0,0.996,0.96,0.86,0.962,0.821,0.9,0.909
HN05_normal_take02,normal,A2,HN05,249,0.958,good,0.0,0.0,0.996,0.997,0.997,0.996,0.997,0.996,0.997,1.0,0.996,0.95,0.874,0.954,0.848,0.876,0.89
HN05_normal_take03,normal,A3,HN05,249,0.953,good,0.0,0.0,0.998,0.998,0.998,0.998,0.999,0.998,0.998,1.0,0.996,0.946,0.873,0.942,0.844,0.854,0.859
HN05_normal_take04,normal,A4,HN05,249,0.954,good,0.0,0.0,0.999,0.998,0.999,0.999,0.999,0.999,0.999,1.0,0.996,0.951,0.892,0.939,0.86,0.838,0.842
HN05_normal_take05,normal,B1,HN05,249,0.933,good,0.0,0.0,0.997,0.997,0.997,0.997,0.998,0.997,0.998,0.999,0.997,0.922,0.843,0.9,0.826,0.749,0.771
HN05_normal_take06,normal,B2,HN05,249,0.943,good,0.0,0.0,0.995,0.997,0.997,0.998,0.998,0.997,0.997,1.0,0.997,0.945,0.852,0.922,0.824,0.815,0.809
HN05_normal_take07,normal,B3,HN05,249,0.955,good,0.0,0.0,0.995,0.996,0.996,0.997,0.997,0.996,0.996,1.0,0.993,0.945,0.904,0.93,0.869,0.863,0.85
HN05_normal_take08,normal,B4,HN05,249,0.95,good,0.0,0.0,0.996,0.998,0.998,0.998,0.998,0.992,0.989,1.0,0.987,0.954,0.849,0.938,0.817,0.88,0.857
HN06_normal_take01,normal,A1,HN06,249,0.956,good,0.0,0.0,0.999,0.999,0.999,0.999,0.999,1.0,1.0,1.0,0.999,0.965,0.956,0.942,0.904,0.785,0.795
HN06_normal_take02,normal,A2,HN06,249,0.954,good,0.0,0.0,0.999,0.999,0.999,0.999,1.0,0.999,1.0,1.0,1.0,0.946,0.982,0.934,0.955,0.749,0.755
HN06_normal_take03,normal,A3,HN06,249,0.959,good,0.0,0.0,0.999,0.999,0.999,0.999,1.0,0.999,1.0,1.0,1.0,0.954,0.974,0.938,0.944,0.788,0.798
HN06_normal_take04,normal,A4,HN06,249,0.965,good,0.4,0.4,0.999,0.999,0.999,0.999,1.0,1.0,1.0,1.0,1.0,0.971,0.98,0.953,0.957,0.798,0.819
HN06_normal_take05,normal,B1,HN06,249,0.98,good,0.0,0.0,0.999,0.998,0.999,0.999,0.999,0.999,1.0,1.0,1.0,0.981,0.99,0.965,0.97,0.892,0.901
HN06_normal_take06,normal,B2,HN06,249,0.964,good,0.0,0.0,0.999,0.998,0.999,0.998,0.999,0.999,1.0,1.0,1.0,0.968,0.988,0.941,0.97,0.795,0.808
HN06_normal_take07,normal,B3,HN06,249,0.962,good,0.0,0.0,0.999,0.999,0.999,0.999,1.0,0.999,1.0,1.0,1.0,0.961,0.984,0.936,0.963,0.79,0.806
HN06_normal_take08,normal,B4,HN06,249,0.964,good,0.0,0.0,1.0,0.999,0.999,0.999,0.999,1.0,1.0,1.0,0.999,0.982,0.978,0.947,0.936,0.799,0.822
HN07_normal_take01,normal,A1,HN07,249,0.985,good,5.2,5.2,0.998,0.999,0.998,0.999,0.998,0.999,0.999,1.0,0.999,0.99,0.955,0.976,0.95,0.954,0.962
HN07_normal_take02,normal,A2,HN07,249,0.987,good,6.0,6.0,0.998,0.999,0.998,0.999,0.998,0.999,0.999,1.0,0.999,0.992,0.966,0.98,0.95,0.963,0.968
HN07_normal_take03,normal,A3,HN07,249,0.987,good,2.8,2.8,0.999,0.999,0.998,0.999,0.998,1.0,0.999,1.0,0.999,0.992,0.973,0.976,0.956,0.957,0.964
HN07_normal_take04,normal,A4,HN07,249,0.983,good,7.6,7.6,0.996,0.998,0.995,0.999,0.994,0.998,0.996,1.0,0.998,0.99,0.964,0.969,0.951,0.943,0.953
HN07_normal_take05,normal,B1,HN07,249,0.976,good,4.0,4.0,0.995,0.997,0.994,0.999,0.995,0.998,0.997,1.0,0.998,0.98,0.926,0.963,0.924,0.933,0.946
HN07_normal_take06,normal,B2,HN07,249,0.981,good,0.0,0.0,0.999,0.998,0.998,0.999,0.999,1.0,1.0,1.0,1.0,0.979,0.947,0.953,0.935,0.95,0.96
HN07_normal_take07,normal,B3,HN07,249,0.976,good,2.4,2.4,0.996,0.998,0.997,0.999,0.997,0.999,0.998,1.0,0.999,0.978,0.914,0.945,0.89,0.965,0.971
HN07_normal_take08,normal,B4,HN07,249,0.984,good,3.2,3.2,0.998,0.997,0.997,0.998,0.998,0.999,0.999,1.0,0.999,0.983,0.961,0.954,0.933,0.965,0.973
HN08_normal_take01,normal,A1,HN08,249,0.963,good,0.4,0.4,0.987,0.994,0.991,0.997,0.995,0.984,0.98,0.999,0.99,0.954,0.921,0.906,0.876,0.929,0.938
HN08_normal_take02,normal,A2,HN08,249,0.956,good,0.0,0.0,0.981,0.995,0.992,0.997,0.995,0.981,0.973,0.999,0.992,0.93,0.891,0.892,0.855,0.927,0.939
HN08_normal_take03,normal,A3,HN08,249,0.972,good,5.6,5.6,0.992,0.996,0.995,0.998,0.997,0.995,0.994,1.0,0.998,0.964,0.944,0.931,0.907,0.925,0.942
HN08_normal_take04,normal,A4,HN08,249,0.975,good,1.2,1.2,0.986,0.995,0.994,0.998,0.997,0.99,0.988,0.999,0.998,0.963,0.947,0.937,0.918,0.95,0.962
HN08_normal_take06,normal,B2,HN08,249,0.96,good,3.2,3.2,0.978,0.991,0.986,0.996,0.991,0.988,0.982,0.999,0.995,0.932,0.899,0.906,0.857,0.945,0.95
HN08_normal_take07,normal,B3,HN08,249,0.979,good,2.0,2.0,0.996,0.996,0.996,0.998,0.998,0.999,0.999,1.0,0.999,0.983,0.956,0.944,0.894,0.958,0.963
HN08_normal_take08,normal,B4,HN08,249,0.97,good,3.6,3.6,0.994,0.995,0.994,0.997,0.995,0.996,0.995,0.999,0.996,0.969,0.944,0.925,0.877,0.935,0.937
HN09_normal_take01,normal,A1,HN09,249,0.987,good,1.2,1.2,1.0,1.0,1.0,1.0,1.0,1.0,1.0,1.0,1.0,0.993,0.99,0.97,0.957,0.942,0.948
HN09_normal_take02,normal,A2,HN09,249,0.979,good,0.0,0.0,1.0,1.0,1.0,1.0,1.0,1.0,1.0,1.0,1.0,0.991,0.994,0.969,0.975,0.872,0.882
HN09_normal_take03,normal,A3,HN09,249,0.976,good,0.0,0.0,1.0,1.0,1.0,1.0,1.0,1.0,1.0,1.0,1.0,0.99,0.992,0.966,0.97,0.855,0.87
HN09_normal_take04,normal,A4,HN09,249,0.982,good,1.2,1.2,0.999,1.0,1.0,1.0,1.0,1.0,1.0,1.0,1.0,0.992,0.982,0.968,0.957,0.905,0.923
HN09_normal_take05,normal,B1,HN09,249,0.986,good,0.0,0.0,1.0,1.0,1.0,1.0,1.0,1.0,1.0,1.0,1.0,0.992,0.98,0.969,0.956,0.943,0.952
HN09_normal_take06,normal,B2,HN09,249,0.986,good,0.0,0.0,1.0,1.0,1.0,1.0,1.0,1.0,1.0,1.0,1.0,0.991,0.986,0.968,0.959,0.945,0.949
HN09_normal_take07,normal,B3,HN09,249,0.989,good,0.4,0.4,1.0,1.0,1.0,1.0,1.0,1.0,1.0,0.998,0.999,0.995,0.983,0.976,0.942,0.969,0.968
HN09_normal_take08,normal,B4,HN09,249,0.983,good,13.3,13.3,0.999,0.999,0.999,0.999,0.999,0.999,0.999,1.0,0.999,0.99,0.969,0.967,0.938,0.944,0.946
L01_looking_sideways_take01,looking_sideways,A1,L01,249,0.969,good,8.0,8.0,0.997,0.998,0.997,0.998,0.998,0.999,0.998,0.999,0.997,0.964,0.953,0.916,0.919,0.89,0.911
L01_looking_sideways_take02,looking_sideways,A2,L01,249,0.97,good,2.0,2.0,0.998,0.998,0.998,0.998,0.999,0.999,0.999,1.0,0.998,0.963,0.965,0.912,0.934,0.889,0.906
L01_looking_sideways_take03,looking_sideways,A3,L01,249,0.978,good,0.0,0.0,0.999,0.999,0.999,0.999,1.0,1.0,1.0,1.0,1.0,0.974,0.99,0.92,0.975,0.902,0.919
L01_looking_sideways_take04,looking_sideways,A4,L01,249,0.981,good,0.0,0.0,0.999,0.998,0.999,0.999,1.0,0.999,1.0,1.0,1.0,0.971,0.991,0.921,0.976,0.923,0.936
L01_looking_sideways_take05,looking_sideways,B1,L01,249,0.98,good,0.0,0.0,0.999,0.998,0.999,0.998,1.0,0.999,1.0,1.0,1.0,0.974,0.988,0.938,0.972,0.911,0.924
L01_looking_sideways_take06,looking_sideways,B2,L01,249,0.98,good,0.0,0.0,0.999,0.999,0.999,0.999,1.0,0.999,1.0,1.0,1.0,0.972,0.988,0.926,0.973,0.918,0.928
L01_looking_sideways_take07,looking_sideways,B3,L01,249,0.968,good,0.0,0.0,0.998,0.997,0.999,0.998,0.999,0.999,1.0,1.0,1.0,0.963,0.991,0.878,0.974,0.851,0.881
L01_looking_sideways_take08,looking_sideways,B4,L01,249,0.975,good,35.3,35.3,0.998,0.997,0.998,0.998,0.999,0.998,0.998,0.999,0.996,0.961,0.971,0.909,0.952,0.918,0.932
L02_looking_sideways_take01,looking_sideways,A1,L02,249,0.968,good,0.8,0.8,0.999,0.999,0.999,0.999,1.0,1.0,1.0,1.0,0.999,0.967,0.983,0.911,0.967,0.835,0.858
L02_looking_sideways_take02,looking_sideways,A2,L02,249,0.967,good,2.0,2.0,0.999,0.999,0.999,0.999,1.0,1.0,1.0,1.0,0.999,0.966,0.979,0.91,0.96,0.841,0.861
L02_looking_sideways_take03,looking_sideways,A3,L02,249,0.962,good,5.6,5.6,0.999,0.999,0.999,0.999,0.999,0.999,0.999,1.0,0.999,0.969,0.978,0.905,0.956,0.8,0.823
L02_looking_sideways_take04,looking_sideways,A4,L02,249,0.957,good,4.4,4.4,0.998,0.998,0.998,0.999,0.998,0.999,0.999,1.0,0.998,0.96,0.976,0.893,0.939,0.788,0.818
L02_looking_sideways_take05,looking_sideways,B1,L02,249,0.96,good,4.4,4.4,0.998,0.998,0.998,0.998,0.999,0.999,0.999,1.0,0.999,0.957,0.975,0.892,0.947,0.812,0.834
L02_looking_sideways_take06,looking_sideways,B2,L02,249,0.965,good,3.6,3.6,0.998,0.998,0.998,0.999,0.999,0.999,0.999,1.0,0.999,0.966,0.978,0.913,0.95,0.829,0.85
L02_looking_sideways_take07,looking_sideways,B3,L02,249,0.958,good,4.0,4.0,0.998,0.996,0.998,0.996,0.999,0.998,0.999,0.998,0.999,0.955,0.98,0.891,0.954,0.789,0.82
L03_looking_sideways_take03,looking_sideways,A3,L03,249,0.964,good,47.8,47.8,0.993,0.995,0.993,0.998,0.995,0.997,0.996,1.0,0.998,0.971,0.95,0.924,0.926,0.851,0.872
L03_looking_sideways_take04,looking_sideways,A4,L03,249,0.969,good,48.2,48.2,0.995,0.996,0.994,0.998,0.995,0.998,0.997,1.0,0.999,0.975,0.95,0.933,0.926,0.879,0.899
L03_looking_sideways_take05,looking_sideways,B4,L03,249,0.975,good,17.7,17.7,0.998,0.998,0.997,0.999,0.998,0.999,0.998,1.0,0.999,0.979,0.961,0.939,0.939,0.9,0.923
L03_looking_sideways_take06,looking_sideways,B3,L03,249,0.971,good,14.1,14.1,0.998,0.998,0.997,0.998,0.998,0.999,0.999,1.0,1.0,0.98,0.94,0.945,0.915,0.89,0.916
L03_looking_sideways_take07,looking_sideways,B2,L03,249,0.966,good,8.0,8.0,0.999,0.999,0.998,0.999,0.999,1.0,1.0,1.0,0.999,0.978,0.928,0.937,0.9,0.868,0.894
L03_looking_sideways_take08,looking_sideways,B1,L03,249,0.968,good,6.4,6.4,0.995,0.997,0.994,0.999,0.996,0.998,0.998,1.0,0.999,0.977,0.916,0.944,0.886,0.893,0.924
L04_looking_sideways_take01,looking_sideways,B1,L04,249,0.969,good,0.0,0.0,0.997,0.998,0.996,0.999,0.995,0.998,0.996,0.999,0.998,0.959,0.887,0.934,0.857,0.965,0.966
L04_looking_sideways_take02,looking_sideways,B2,L04,249,0.965,good,0.0,0.0,0.993,0.996,0.991,0.998,0.991,0.996,0.993,1.0,0.997,0.959,0.875,0.931,0.849,0.951,0.953
L04_looking_sideways_take03,looking_sideways,B3,L04,249,0.97,good,2.8,2.8,0.997,0.998,0.996,0.999,0.996,0.998,0.997,0.999,0.998,0.962,0.884,0.931,0.864,0.961,0.964
L04_looking_sideways_take04,looking_sideways,B4,L04,249,0.967,good,39.0,39.0,0.993,0.995,0.993,0.995,0.993,0.995,0.994,0.999,0.995,0.946,0.929,0.906,0.893,0.94,0.943
L04_looking_sideways_take05,looking_sideways,A4,L04,249,0.972,good,0.8,0.8,0.999,0.999,0.999,0.999,0.999,1.0,1.0,0.999,0.999,0.953,0.924,0.919,0.884,0.951,0.96
L04_looking_sideways_take06,looking_sideways,A3,L04,249,0.973,good,0.0,0.0,0.999,0.999,0.999,0.999,0.999,1.0,0.999,1.0,1.0,0.96,0.907,0.929,0.879,0.964,0.969
L04_looking_sideways_take07,looking_sideways,A2,L04,249,0.974,good,0.0,0.0,0.999,0.998,0.998,0.999,0.999,0.999,0.999,0.999,0.999,0.963,0.911,0.933,0.884,0.965,0.969
L04_looking_sideways_take08,looking_sideways,A1,L04,249,0.968,good,23.3,23.3,0.997,0.997,0.998,0.998,0.999,0.999,0.999,1.0,0.999,0.947,0.907,0.915,0.885,0.935,0.942
L05_looking_sideways_take01,looking_sideways,A1,L05,249,0.965,good,0.8,0.8,0.999,0.999,0.999,0.999,0.999,0.999,0.999,0.999,0.999,0.982,0.943,0.939,0.89,0.842,0.889
L05_looking_sideways_take02,looking_sideways,A2,L05,249,0.966,good,0.0,0.0,0.999,0.999,0.999,0.999,0.999,0.999,0.999,0.999,0.998,0.986,0.949,0.952,0.894,0.829,0.881
L05_looking_sideways_take03,looking_sideways,A3,L05,249,0.968,good,0.4,0.4,0.999,0.999,0.999,0.999,0.999,1.0,1.0,1.0,0.999,0.988,0.954,0.959,0.912,0.835,0.88
L05_looking_sideways_take04,looking_sideways,A4,L05,249,0.968,good,1.6,1.6,0.997,0.998,0.997,0.999,0.997,0.999,0.998,1.0,0.998,0.985,0.941,0.946,0.904,0.859,0.895
L05_looking_sideways_take05,looking_sideways,B1,L05,249,0.967,good,0.0,0.0,0.999,0.999,0.999,0.999,0.999,1.0,1.0,1.0,0.999,0.988,0.958,0.958,0.907,0.834,0.873
L05_looking_sideways_take06,looking_sideways,B2,L05,249,0.962,good,0.0,0.0,0.998,0.997,0.998,0.998,0.999,0.999,1.0,1.0,0.999,0.988,0.953,0.954,0.906,0.799,0.836
L05_looking_sideways_take07,looking_sideways,B3,L05,249,0.96,good,2.0,2.0,0.997,0.995,0.997,0.997,0.998,0.999,0.999,1.0,0.999,0.984,0.947,0.939,0.887,0.815,0.851
L05_looking_sideways_take08,looking_sideways,B4,L05,249,0.962,good,4.4,4.4,0.998,0.998,0.998,0.999,0.999,0.999,0.999,1.0,0.997,0.983,0.93,0.942,0.874,0.84,0.869
L06_looking_sideways_take01,looking_sideways,A1,L06,249,0.985,good,0.0,0.0,0.998,0.999,0.999,0.999,0.999,0.999,0.999,1.0,1.0,0.981,0.991,0.955,0.973,0.929,0.95
L06_looking_sideways_take03,looking_sideways,A3,L06,249,0.984,good,0.0,0.0,0.999,0.999,0.999,1.0,0.999,0.999,1.0,1.0,1.0,0.983,0.994,0.951,0.983,0.908,0.945
L06_looking_sideways_take04,looking_sideways,A4,L06,249,0.985,good,0.0,0.0,1.0,1.0,1.0,1.0,1.0,1.0,1.0,1.0,1.0,0.986,0.996,0.957,0.983,0.908,0.941
L06_looking_sideways_take06,looking_sideways,B2,L06,249,0.981,good,0.0,0.0,0.998,0.999,0.999,0.999,0.999,0.999,0.999,1.0,1.0,0.974,0.988,0.946,0.977,0.9,0.938
L06_looking_sideways_take07,looking_sideways,B3,L06,249,0.975,good,0.0,0.0,0.996,0.997,0.996,0.999,0.998,0.998,0.998,1.0,0.999,0.931,0.956,0.933,0.96,0.919,0.947
L07_looking_sideways_take01,looking_sideways,A1,L07,249,0.97,good,0.0,0.0,0.992,0.996,0.994,0.998,0.995,0.995,0.993,1.0,0.997,0.975,0.982,0.942,0.96,0.847,0.884
L07_looking_sideways_take02,looking_sideways,A2,L07,249,0.965,good,0.0,0.0,0.983,0.992,0.988,0.997,0.99,0.986,0.983,1.0,0.989,0.969,0.963,0.941,0.943,0.857,0.894
L07_looking_sideways_take03,looking_sideways,A3,L07,249,0.973,good,0.0,0.0,0.996,0.999,0.998,0.999,0.998,0.997,0.996,1.0,0.998,0.979,0.97,0.951,0.951,0.864,0.901
L07_looking_sideways_take04,looking_sideways,A4,L07,249,0.98,good,0.0,0.0,0.999,1.0,0.999,1.0,0.999,0.999,0.999,1.0,0.999,0.986,0.991,0.958,0.974,0.885,0.915
L07_looking_sideways_take07,looking_sideways,B3,L07,249,0.964,good,0.0,0.0,0.989,0.994,0.991,0.997,0.994,0.993,0.992,1.0,0.997,0.966,0.962,0.938,0.949,0.825,0.868
L07_looking_sideways_take08,looking_sideways,B4,L07,249,0.97,good,0.4,0.4,0.996,0.998,0.997,0.999,0.998,0.998,0.997,1.0,0.998,0.967,0.963,0.94,0.938,0.864,0.895
L08_looking_sideways_take01,looking_sideways,A1,L08,249,0.928,good,2.0,2.0,0.988,0.989,0.988,0.993,0.989,0.989,0.988,0.999,0.987,0.93,0.821,0.88,0.763,0.808,0.813
L08_looking_sideways_take02,looking_sideways,A2,L08,249,0.941,good,2.0,2.0,0.992,0.992,0.992,0.994,0.993,0.993,0.993,0.999,0.99,0.956,0.849,0.916,0.798,0.828,0.828
L08_looking_sideways_take03,looking_sideways,A3,L08,249,0.932,good,1.2,1.2,0.976,0.979,0.976,0.985,0.971,0.972,0.971,0.998,0.986,0.91,0.856,0.875,0.809,0.849,0.861
L08_looking_sideways_take05,looking_sideways,B1,L08,249,0.937,good,0.0,0.0,0.988,0.988,0.986,0.992,0.988,0.993,0.99,0.999,0.986,0.952,0.809,0.905,0.743,0.874,0.867
L08_looking_sideways_take06,looking_sideways,B2,L08,249,0.941,good,0.4,0.4,0.992,0.993,0.99,0.995,0.99,0.996,0.993,0.999,0.985,0.961,0.813,0.922,0.752,0.879,0.864
L08_looking_sideways_take07,looking_sideways,B3,L08,249,0.941,good,6.0,6.0,0.989,0.989,0.986,0.993,0.986,0.994,0.99,0.999,0.989,0.96,0.819,0.916,0.768,0.867,0.864
L08_looking_sideways_take08,looking_sideways,B4,L08,249,0.937,good,1.6,1.6,0.983,0.984,0.976,0.991,0.972,0.99,0.984,0.999,0.982,0.964,0.833,0.918,0.775,0.853,0.845
LD01_looking_down_take01,looking_down,A1,LD01,300,0.966,good,0.7,0.7,0.997,0.997,0.995,0.998,0.994,0.999,0.999,0.999,0.998,0.959,0.915,0.905,0.872,0.919,0.949
LD01_looking_down_take02,looking_down,A2,LD01,300,0.97,good,0.0,0.0,0.998,0.998,0.996,0.999,0.995,0.999,0.999,1.0,0.997,0.981,0.904,0.94,0.867,0.929,0.952
LD01_looking_down_take03,looking_down,A3,LD01,300,0.965,good,0.0,0.0,0.993,0.99,0.989,0.993,0.989,0.996,0.996,1.0,0.998,0.973,0.915,0.906,0.863,0.925,0.945
LD01_looking_down_take04,looking_down,A4,LD01,300,0.972,good,1.0,1.0,0.997,0.997,0.996,0.998,0.996,0.998,0.997,1.0,0.997,0.982,0.921,0.935,0.876,0.937,0.959
LD01_looking_down_take05,looking_down,B1,LD01,300,0.974,good,0.0,0.0,0.997,0.997,0.997,0.998,0.998,0.999,0.999,0.999,0.999,0.958,0.965,0.915,0.931,0.912,0.943
LD01_looking_down_take06,looking_down,B2,LD01,300,0.971,good,0.0,0.0,0.998,0.998,0.998,0.998,0.998,0.999,0.999,1.0,0.999,0.972,0.965,0.943,0.932,0.873,0.885
LD01_looking_down_take07,looking_down,B3,LD01,300,0.975,good,0.0,0.0,0.99,0.996,0.989,0.998,0.993,0.999,0.997,1.0,0.995,0.983,0.929,0.949,0.91,0.94,0.955
LD01_looking_down_take08,looking_down,B4,LD01,300,0.977,good,0.0,0.0,0.997,0.996,0.996,0.998,0.998,0.999,0.999,1.0,1.0,0.974,0.976,0.923,0.944,0.918,0.942
LD02_looking_down_take01,looking_down,A1,LD02,300,0.945,good,16.7,16.7,0.961,0.976,0.968,0.985,0.97,0.968,0.964,0.998,0.98,0.945,0.896,0.887,0.847,0.908,0.929
LD02_looking_down_take02,looking_down,A2,LD02,300,0.966,good,2.0,2.0,0.985,0.992,0.989,0.995,0.989,0.989,0.987,0.999,0.989,0.959,0.922,0.922,0.857,0.956,0.959
LD02_looking_down_take03,looking_down,A3,LD02,300,0.957,good,0.3,0.3,0.98,0.99,0.985,0.995,0.986,0.985,0.982,0.999,0.986,0.946,0.892,0.91,0.859,0.923,0.938
LD02_looking_down_take04,looking_down,A4,LD02,300,0.951,good,0.0,0.0,0.981,0.989,0.984,0.992,0.984,0.986,0.982,0.999,0.987,0.914,0.937,0.888,0.9,0.853,0.882
LD02_looking_down_take05,looking_down,B1,LD02,300,0.917,good,0.0,0.0,0.913,0.948,0.92,0.97,0.911,0.936,0.913,0.998,0.942,0.914,0.861,0.884,0.821,0.907,0.911
LD02_looking_down_take06,looking_down,B2,LD02,300,0.908,good,4.3,4.3,0.918,0.946,0.923,0.969,0.917,0.94,0.919,0.998,0.947,0.914,0.833,0.87,0.762,0.875,0.889
LD02_looking_down_take08,looking_down,B4,LD02,300,0.944,good,2.3,2.3,0.976,0.985,0.975,0.992,0.973,0.982,0.976,0.999,0.982,0.944,0.882,0.881,0.809,0.902,0.907
LD03_looking_down_take01,looking_down,A1,LD03,300,0.947,good,0.3,0.3,0.996,0.997,0.993,0.998,0.992,0.999,0.998,0.999,0.997,0.969,0.913,0.864,0.833,0.797,0.853
LD03_looking_down_take03,looking_down,A3,LD03,300,0.952,good,1.3,1.3,0.995,0.995,0.992,0.996,0.99,0.997,0.996,1.0,0.998,0.978,0.922,0.892,0.837,0.819,0.875
LD03_looking_down_take04,looking_down,A4,LD03,300,0.964,good,0.0,0.0,0.999,0.998,0.998,0.999,0.998,0.999,1.0,1.0,0.999,0.98,0.964,0.914,0.891,0.834,0.885
LD03_looking_down_take06,looking_down,B2,LD03,300,0.955,good,0.0,0.0,0.998,0.997,0.997,0.998,0.998,0.999,0.999,1.0,0.999,0.974,0.939,0.868,0.86,0.829,0.869
LD03_looking_down_take07,looking_down,B3,LD03,300,0.958,good,0.0,0.0,0.997,0.997,0.996,0.998,0.996,0.999,0.999,1.0,0.998,0.98,0.934,0.892,0.86,0.847,0.88
LD03_looking_down_take08,looking_down,B4,LD03,300,0.955,good,1.0,1.0,0.996,0.996,0.994,0.997,0.995,0.998,0.998,1.0,0.999,0.977,0.956,0.886,0.878,0.807,0.843
LD04_looking_down_take01,looking_down,A1,LD04,300,0.949,good,0.7,0.7,0.995,0.996,0.994,0.997,0.996,0.998,0.998,1.0,0.999,0.94,0.963,0.85,0.908,0.787,0.81
LD04_looking_down_take02,looking_down,A2,LD04,300,0.945,good,0.0,0.0,0.998,0.998,0.998,0.998,0.999,0.999,1.0,1.0,0.999,0.942,0.956,0.863,0.883,0.761,0.782
LD04_looking_down_take03,looking_down,A3,LD04,300,0.96,good,1.0,1.0,0.996,0.997,0.995,0.997,0.996,0.998,0.998,1.0,0.999,0.953,0.963,0.877,0.915,0.85,0.87
LD04_looking_down_take04,looking_down,A4,LD04,300,0.963,good,0.0,0.0,1.0,0.999,1.0,0.999,1.0,1.0,1.0,1.0,1.0,0.946,0.984,0.88,0.959,0.822,0.857
LD04_looking_down_take05,looking_down,B4,LD04,300,0.964,good,0.3,0.3,0.998,0.999,0.998,0.999,0.998,0.999,0.999,1.0,0.999,0.957,0.971,0.875,0.932,0.845,0.887
LD04_looking_down_take06,looking_down,B3,LD04,300,0.959,good,0.0,0.0,0.999,0.999,0.999,0.999,1.0,1.0,1.0,1.0,1.0,0.945,0.974,0.869,0.936,0.822,0.851
LD04_looking_down_take07,looking_down,B2,LD04,300,0.972,good,0.0,0.0,0.999,0.999,0.999,0.999,0.999,1.0,1.0,1.0,1.0,0.966,0.982,0.891,0.946,0.884,0.917
LD04_looking_down_take08,looking_down,B1,LD04,300,0.968,good,0.0,0.0,0.999,0.999,0.999,0.999,0.999,1.0,1.0,0.999,1.0,0.963,0.974,0.888,0.924,0.872,0.912
LD05_looking_down_take01,looking_down,A1,LD05,300,0.948,good,0.0,0.0,0.98,0.988,0.985,0.993,0.987,0.982,0.977,0.998,0.987,0.896,0.939,0.828,0.899,0.872,0.914
LD05_looking_down_take03,looking_down,A3,LD05,300,0.919,good,0.0,0.0,0.949,0.968,0.961,0.982,0.973,0.953,0.947,0.997,0.975,0.841,0.864,0.767,0.835,0.871,0.901
LD05_looking_down_take04,looking_down,A4,LD05,300,0.944,good,0.0,0.0,0.983,0.99,0.989,0.994,0.993,0.985,0.983,0.998,0.99,0.887,0.927,0.829,0.879,0.846,0.884
LD05_looking_down_take05,looking_down,B4,LD05,300,0.95,good,0.0,0.0,0.969,0.981,0.976,0.99,0.979,0.973,0.966,0.999,0.976,0.949,0.909,0.893,0.879,0.884,0.923
LD05_looking_down_take06,looking_down,B3,LD05,300,0.946,good,0.0,0.0,0.992,0.995,0.994,0.998,0.997,0.992,0.99,0.999,0.993,0.931,0.906,0.861,0.851,0.823,0.869
LD05_looking_down_take07,looking_down,B2,LD05,300,0.953,good,0.0,0.0,0.997,0.999,0.998,0.999,0.999,0.996,0.995,0.999,0.998,0.96,0.932,0.888,0.872,0.809,0.858
LD05_looking_down_take08,looking_down,B1,LD05,300,0.938,good,0.0,0.0,0.976,0.995,0.984,0.998,0.99,0.981,0.963,0.999,0.974,0.954,0.822,0.871,0.777,0.879,0.909
LD06_looking_down_take01,looking_down,A1,LD06,300,0.978,good,2.0,2.0,0.998,0.998,0.998,0.999,0.999,1.0,1.0,1.0,0.999,0.973,0.962,0.941,0.919,0.94,0.952
LD06_looking_down_take02,looking_down,A2,LD06,300,0.975,good,0.0,0.0,0.996,0.996,0.998,0.998,0.999,0.997,0.999,0.998,1.0,0.962,0.972,0.935,0.93,0.918,0.926
LD06_looking_down_take04,looking_down,A4,LD06,300,0.98,good,1.0,1.0,0.999,0.998,0.998,0.999,0.999,0.999,1.0,1.0,1.0,0.972,0.968,0.933,0.928,0.944,0.957
LD06_looking_down_take05,looking_down,B1,LD06,300,0.976,good,0.3,0.3,0.99,0.99,0.989,0.994,0.994,0.996,0.996,0.999,0.998,0.959,0.949,0.931,0.91,0.967,0.974
LD06_looking_down_take06,looking_down,B2,LD06,300,0.972,good,1.3,1.3,0.996,0.997,0.996,0.997,0.997,0.998,0.999,1.0,0.999,0.936,0.954,0.909,0.917,0.941,0.947
LD06_looking_down_take07,looking_down,B3,LD06,300,0.972,good,7.3,7.3,0.992,0.994,0.992,0.995,0.995,0.997,0.998,0.999,0.999,0.933,0.953,0.911,0.913,0.956,0.957
LE01_leaning_to_neighbor_take01,leaning_to_neighbor,A1,LE01,249,0.783,good,3.6,3.6,0.898,0.911,0.895,0.911,0.905,0.9,0.892,0.904,0.9,0.715,0.654,0.683,0.707,0.443,0.423
LE01_leaning_to_neighbor_take02,leaning_to_neighbor,A2,LE01,249,0.841,good,0.8,0.8,0.943,0.951,0.936,0.954,0.942,0.95,0.945,0.956,0.95,0.803,0.743,0.76,0.743,0.527,0.513
LE01_leaning_to_neighbor_take03,leaning_to_neighbor,A3,LE01,249,0.847,good,0.4,0.4,0.958,0.963,0.954,0.963,0.959,0.959,0.955,0.964,0.961,0.817,0.769,0.763,0.787,0.467,0.471
LE01_leaning_to_neighbor_take04,leaning_to_neighbor,A4,LE01,249,0.849,good,2.4,4.4,0.969,0.971,0.963,0.969,0.964,0.958,0.954,0.944,0.936,0.823,0.752,0.782,0.753,0.499,0.492
LE01_leaning_to_neighbor_take05,leaning_to_neighbor,B1,LE01,249,0.908,good,1.2,1.2,0.981,0.987,0.984,0.992,0.988,0.988,0.987,0.996,0.985,0.886,0.838,0.865,0.82,0.669,0.659
LE01_leaning_to_neighbor_take06,leaning_to_neighbor,B2,LE01,249,0.915,good,0.4,0.4,0.975,0.988,0.981,0.994,0.987,0.987,0.981,0.998,0.98,0.897,0.824,0.863,0.809,0.739,0.722
LE01_leaning_to_neighbor_take07,leaning_to_neighbor,B3,LE01,249,0.952,good,0.4,0.4,0.975,0.987,0.981,0.994,0.987,0.987,0.981,1.0,0.978,0.953,0.871,0.921,0.836,0.922,0.91
LE01_leaning_to_neighbor_take08,leaning_to_neighbor,B4,LE01,249,0.954,good,0.8,0.8,0.987,0.989,0.986,0.994,0.989,0.992,0.992,0.999,0.99,0.964,0.903,0.934,0.853,0.874,0.866
LE02_leaning_to_neighbor_take01,leaning_to_neighbor,A1,LE02,249,0.955,good,0.4,0.4,0.998,0.998,0.996,0.999,0.994,0.999,0.998,0.999,0.996,0.976,0.895,0.964,0.862,0.824,0.833
LE02_leaning_to_neighbor_take02,leaning_to_neighbor,A2,LE02,249,0.962,good,0.0,0.0,0.998,0.999,0.997,0.999,0.996,0.999,0.999,1.0,0.997,0.966,0.871,0.955,0.833,0.909,0.911
LE02_leaning_to_neighbor_take03,leaning_to_neighbor,A3,LE02,249,0.956,good,1.6,1.6,0.993,0.996,0.991,0.997,0.987,0.996,0.994,0.999,0.994,0.941,0.835,0.937,0.816,0.932,0.938
LE02_leaning_to_neighbor_take04,leaning_to_neighbor,A4,LE02,249,0.967,good,0.0,0.0,0.999,0.999,0.998,0.999,0.997,0.999,0.999,0.999,0.998,0.975,0.916,0.949,0.889,0.884,0.902
LE02_leaning_to_neighbor_take05,leaning_to_neighbor,B1,LE02,249,0.963,good,1.2,1.2,0.995,0.996,0.995,0.996,0.995,0.997,0.997,0.998,0.997,0.922,0.9,0.925,0.882,0.919,0.934
LE02_leaning_to_neighbor_take06,leaning_to_neighbor,B2,LE02,249,0.974,good,0.4,0.4,0.999,0.999,0.998,0.999,0.998,0.999,0.999,0.999,0.998,0.98,0.931,0.941,0.901,0.926,0.938
LE02_leaning_to_neighbor_take07,leaning_to_neighbor,B3,LE02,249,0.971,good,6.8,6.8,0.996,0.996,0.994,0.997,0.993,0.997,0.997,0.999,0.997,0.964,0.931,0.947,0.9,0.923,0.93
LE02_leaning_to_neighbor_take08,leaning_to_neighbor,B4,LE02,249,0.978,good,2.0,2.0,0.997,0.997,0.996,0.998,0.995,0.998,0.998,0.999,0.998,0.976,0.953,0.949,0.935,0.932,0.946
LE03_leaning_to_neighbor_take01,leaning_to_neighbor,A1,LE03,249,0.971,good,8.8,8.8,0.994,0.994,0.994,0.996,0.996,0.997,0.998,0.999,0.998,0.963,0.967,0.905,0.924,0.913,0.933
LE03_leaning_to_neighbor_take02,leaning_to_neighbor,A2,LE03,249,0.975,good,49.0,49.0,0.996,0.997,0.998,0.998,0.999,0.998,0.999,0.999,0.998,0.948,0.964,0.899,0.918,0.947,0.962
LE03_leaning_to_neighbor_take03,leaning_to_neighbor,A3,LE03,249,0.976,good,57.4,57.4,0.994,0.996,0.997,0.997,0.998,0.996,0.997,0.999,0.997,0.949,0.959,0.924,0.907,0.962,0.969
LE03_leaning_to_neighbor_take04,leaning_to_neighbor,A4,LE03,249,0.98,good,6.0,6.0,0.998,0.998,0.998,0.998,0.998,0.999,0.999,1.0,0.999,0.981,0.969,0.953,0.928,0.937,0.945
LE03_leaning_to_neighbor_take05,leaning_to_neighbor,B1,LE03,249,0.981,good,58.2,58.2,0.997,0.997,0.998,0.998,0.999,0.998,0.999,0.999,0.999,0.945,0.978,0.922,0.944,0.97,0.976
LE03_leaning_to_neighbor_take06,leaning_to_neighbor,B2,LE03,249,0.968,good,21.7,21.7,0.989,0.986,0.984,0.992,0.985,0.995,0.991,0.999,0.997,0.947,0.966,0.898,0.934,0.906,0.944
LE03_leaning_to_neighbor_take07,leaning_to_neighbor,B3,LE03,249,0.944,good,25.3,25.3,0.966,0.97,0.967,0.975,0.968,0.972,0.969,0.998,0.989,0.926,0.9,0.876,0.862,0.89,0.927
LE03_leaning_to_neighbor_take08,leaning_to_neighbor,B4,LE03,249,0.961,good,13.3,13.3,0.995,0.994,0.995,0.994,0.997,0.996,0.997,0.998,0.999,0.94,0.959,0.889,0.923,0.845,0.898
LE04_leaning_to_neighbor_take01,leaning_to_neighbor,A1,LE04,249,0.948,good,0.0,0.0,0.995,0.995,0.995,0.997,0.997,0.999,0.999,0.999,0.992,0.942,0.889,0.883,0.829,0.839,0.867
LE04_leaning_to_neighbor_take02,leaning_to_neighbor,A2,LE04,249,0.941,good,0.0,0.0,0.989,0.989,0.987,0.994,0.991,0.995,0.993,0.999,0.993,0.921,0.86,0.861,0.805,0.856,0.882
LE04_leaning_to_neighbor_take03,leaning_to_neighbor,A3,LE04,249,0.943,good,0.8,0.8,0.986,0.986,0.987,0.992,0.993,0.994,0.995,0.998,0.994,0.873,0.904,0.78,0.85,0.895,0.915
LE04_leaning_to_neighbor_take04,leaning_to_neighbor,A4,LE04,249,0.953,good,0.0,0.0,0.998,0.998,0.997,0.998,0.999,0.999,0.999,0.999,0.997,0.943,0.916,0.858,0.844,0.85,0.893
LE04_leaning_to_neighbor_take05,leaning_to_neighbor,B1,LE04,249,0.957,good,0.0,0.0,0.998,0.998,0.998,0.999,0.998,1.0,1.0,0.999,0.995,0.962,0.906,0.893,0.829,0.877,0.908
LE04_leaning_to_neighbor_take06,leaning_to_neighbor,B2,LE04,249,0.955,good,0.0,0.0,0.997,0.997,0.995,0.998,0.997,0.999,0.999,1.0,0.996,0.962,0.89,0.901,0.833,0.875,0.893
LE04_leaning_to_neighbor_take07,leaning_to_neighbor,B3,LE04,249,0.949,good,0.8,0.8,0.985,0.993,0.987,0.997,0.994,0.984,0.978,0.996,0.983,0.95,0.882,0.865,0.831,0.902,0.914
LE04_leaning_to_neighbor_take08,leaning_to_neighbor,B4,LE04,249,0.961,good,0.0,0.0,0.998,0.998,0.996,0.999,0.996,0.999,0.999,0.999,0.993,0.968,0.895,0.893,0.835,0.912,0.931
LE05_leaning_to_neighbor_take01,leaning_to_neighbor,A1,LE05,249,0.98,good,0.0,0.0,1.0,1.0,1.0,1.0,1.0,1.0,1.0,1.0,1.0,0.972,0.985,0.928,0.954,0.923,0.948
LE05_leaning_to_neighbor_take02,leaning_to_neighbor,A2,LE05,249,0.969,good,3.6,3.6,0.998,0.999,0.998,0.999,0.998,0.999,0.999,1.0,0.998,0.954,0.95,0.91,0.919,0.894,0.92
LE05_leaning_to_neighbor_take03,leaning_to_neighbor,A3,LE05,249,0.959,good,26.5,26.5,0.992,0.994,0.992,0.996,0.994,0.995,0.995,0.999,0.996,0.918,0.921,0.862,0.888,0.915,0.927
LE05_leaning_to_neighbor_take04,leaning_to_neighbor,A4,LE05,249,0.968,good,1.2,1.2,0.997,0.997,0.997,0.998,0.997,0.997,0.997,1.0,0.997,0.972,0.952,0.897,0.921,0.889,0.913
LE05_leaning_to_neighbor_take05,leaning_to_neighbor,B1,LE05,249,0.96,good,12.0,12.0,0.998,0.998,0.998,0.999,0.998,0.999,0.999,1.0,0.997,0.94,0.951,0.894,0.914,0.843,0.875
LE05_leaning_to_neighbor_take06,leaning_to_neighbor,B2,LE05,249,0.947,good,1.6,1.6,0.995,0.996,0.994,0.998,0.994,0.998,0.997,0.999,0.991,0.942,0.927,0.875,0.856,0.806,0.831
LE05_leaning_to_neighbor_take07,leaning_to_neighbor,B3,LE05,249,0.942,good,0.4,0.4,0.995,0.996,0.995,0.998,0.995,0.998,0.997,0.999,0.99,0.928,0.919,0.854,0.853,0.797,0.819
LE05_leaning_to_neighbor_take08,leaning_to_neighbor,B4,LE05,249,0.953,good,2.4,2.4,0.997,0.997,0.995,0.999,0.994,0.999,0.998,1.0,0.996,0.964,0.945,0.9,0.897,0.798,0.82
LE06_leaning_to_neighbor_take01,leaning_to_neighbor,A1,LE06,249,0.919,good,0.0,0.0,0.97,0.976,0.969,0.987,0.97,0.982,0.974,0.998,0.982,0.895,0.856,0.853,0.813,0.756,0.798
LE06_leaning_to_neighbor_take02,leaning_to_neighbor,A2,LE06,249,0.919,good,0.4,0.4,0.974,0.979,0.974,0.988,0.976,0.985,0.98,0.998,0.985,0.873,0.844,0.833,0.778,0.784,0.832
LE06_leaning_to_neighbor_take03,leaning_to_neighbor,A3,LE06,249,0.933,good,0.4,0.4,0.978,0.984,0.979,0.99,0.981,0.989,0.985,0.998,0.987,0.906,0.886,0.848,0.831,0.801,0.849
LE06_leaning_to_neighbor_take04,leaning_to_neighbor,A4,LE06,249,0.942,good,0.4,0.4,0.992,0.992,0.992,0.994,0.992,0.995,0.994,0.999,0.996,0.96,0.905,0.886,0.855,0.757,0.814
LE06_leaning_to_neighbor_take05,leaning_to_neighbor,B1,LE06,249,0.951,good,0.8,0.8,0.998,0.998,0.999,0.998,1.0,0.999,1.0,0.998,0.997,0.918,0.914,0.853,0.836,0.872,0.887
LE06_leaning_to_neighbor_take06,leaning_to_neighbor,B2,LE06,249,0.956,good,0.0,0.0,0.998,0.996,0.998,0.998,0.999,0.999,0.999,0.999,0.997,0.959,0.912,0.882,0.819,0.886,0.893
LE06_leaning_to_neighbor_take07,leaning_to_neighbor,B3,LE06,249,0.968,good,0.4,0.4,0.998,0.998,0.998,0.999,0.999,0.999,0.999,1.0,0.998,0.957,0.946,0.913,0.881,0.922,0.919
LE06_leaning_to_neighbor_take08,leaning_to_neighbor,B4,LE06,249,0.954,good,4.8,4.8,0.989,0.991,0.986,0.995,0.988,0.995,0.994,0.999,0.996,0.953,0.898,0.884,0.832,0.898,0.909
LE07_leaning_to_neighbor_take01,leaning_to_neighbor,A1,LE07,249,0.967,good,0.0,0.0,0.997,0.997,0.997,0.997,0.997,0.996,0.997,0.997,0.998,0.95,0.977,0.901,0.938,0.87,0.891
LE07_leaning_to_neighbor_take02,leaning_to_neighbor,A2,LE07,249,0.962,good,0.0,0.0,0.998,0.998,0.997,0.999,0.998,0.999,0.999,1.0,0.999,0.955,0.936,0.898,0.902,0.869,0.885
LE07_leaning_to_neighbor_take03,leaning_to_neighbor,A3,LE07,249,0.963,good,0.0,0.0,0.998,0.998,0.997,0.998,0.998,0.999,0.999,1.0,0.999,0.93,0.968,0.894,0.915,0.868,0.884
LE07_leaning_to_neighbor_take04,leaning_to_neighbor,A4,LE07,249,0.956,good,0.0,0.0,0.999,0.998,0.997,0.998,0.997,0.999,0.999,0.999,0.997,0.952,0.934,0.906,0.876,0.839,0.847
LE07_leaning_to_neighbor_take05,leaning_to_neighbor,B1,LE07,249,0.96,good,1.6,1.6,0.998,0.998,0.998,0.999,0.999,0.999,0.999,0.999,0.999,0.919,0.972,0.873,0.928,0.85,0.864
LE07_leaning_to_neighbor_take06,leaning_to_neighbor,B2,LE07,249,0.948,good,0.4,0.4,0.994,0.993,0.994,0.994,0.995,0.994,0.995,0.995,0.997,0.935,0.959,0.875,0.931,0.772,0.803
LE07_leaning_to_neighbor_take07,leaning_to_neighbor,B3,LE07,249,0.956,good,0.0,0.0,0.997,0.996,0.997,0.997,0.998,0.998,0.999,0.999,0.999,0.906,0.968,0.849,0.93,0.845,0.867
LE07_leaning_to_neighbor_take08,leaning_to_neighbor,B4,LE07,249,0.956,good,6.0,6.0,0.988,0.988,0.987,0.99,0.988,0.991,0.991,0.998,0.997,0.941,0.951,0.881,0.923,0.851,0.883
LE08_leaning_to_neighbor_take01,leaning_to_neighbor,A1,LE08,249,0.96,good,0.0,0.0,0.998,0.998,0.998,0.998,0.999,0.999,1.0,0.999,0.998,0.944,0.939,0.902,0.871,0.856,0.893
LE08_leaning_to_neighbor_take02,leaning_to_neighbor,A2,LE08,249,0.963,good,0.0,0.0,0.998,0.997,0.998,0.997,0.999,0.999,1.0,0.999,0.998,0.958,0.942,0.916,0.861,0.88,0.909
LE08_leaning_to_neighbor_take03,leaning_to_neighbor,A3,LE08,249,0.969,good,0.0,0.0,0.998,0.997,0.998,0.997,0.998,0.999,1.0,0.999,0.998,0.953,0.955,0.915,0.909,0.897,0.92
LE08_leaning_to_neighbor_take05,leaning_to_neighbor,B1,LE08,249,0.958,good,0.8,0.8,0.998,0.998,0.998,0.997,0.998,0.999,0.999,0.999,0.998,0.938,0.892,0.896,0.822,0.911,0.92
LE08_leaning_to_neighbor_take06,leaning_to_neighbor,B2,LE08,249,0.959,good,0.8,0.8,0.997,0.994,0.996,0.994,0.996,0.998,0.999,1.0,0.998,0.963,0.907,0.919,0.824,0.895,0.909
LE08_leaning_to_neighbor_take07,leaning_to_neighbor,B3,LE08,249,0.959,good,1.6,1.6,0.996,0.996,0.996,0.997,0.996,0.997,0.997,0.999,0.998,0.962,0.957,0.922,0.903,0.814,0.848
LE08_leaning_to_neighbor_take08,leaning_to_neighbor,B4,LE08,249,0.976,good,3.2,3.2,0.999,0.998,0.998,0.999,0.998,0.999,0.999,1.0,0.999,0.987,0.976,0.948,0.946,0.886,0.913
N01_normal_take01,normal,,N01,300,0.944,good,0.0,0.0,0.996,0.997,0.995,0.997,0.996,0.997,0.995,0.999,0.998,0.911,0.912,0.864,0.865,0.808,0.826
N01_normal_take02,normal,,N01,300,0.949,good,0.0,0.0,0.997,0.997,0.996,0.997,0.996,0.997,0.996,1.0,0.998,0.926,0.918,0.877,0.862,0.827,0.848
N01_normal_take03,normal,,N01,300,0.953,good,0.0,0.0,0.994,0.995,0.992,0.995,0.992,0.995,0.993,1.0,0.997,0.928,0.917,0.885,0.865,0.863,0.883
N01_normal_take04,normal,,N01,300,0.96,good,0.0,0.0,0.993,0.994,0.99,0.995,0.989,0.996,0.994,1.0,0.996,0.944,0.907,0.911,0.853,0.921,0.921
N01_normal_take05,normal,,N01,300,0.963,good,0.0,0.0,0.993,0.994,0.989,0.995,0.988,0.996,0.993,1.0,0.996,0.952,0.914,0.922,0.863,0.927,0.922
N02_normal_take01,normal,,N02,300,0.97,good,0.0,0.0,0.999,0.999,0.998,0.999,0.998,1.0,0.999,1.0,0.999,0.949,0.954,0.922,0.936,0.892,0.902
N02_normal_take02,normal,,N02,300,0.981,good,0.0,0.0,0.999,0.999,0.999,0.999,0.999,1.0,1.0,1.0,0.999,0.962,0.959,0.921,0.947,0.966,0.97
N02_normal_take03,normal,,N02,300,0.986,good,0.0,0.0,0.999,0.999,0.999,0.999,0.999,1.0,1.0,1.0,0.999,0.97,0.971,0.926,0.967,0.979,0.98
N02_normal_take04,normal,,N02,300,0.979,good,0.0,0.0,0.998,0.998,0.998,0.998,0.998,0.999,0.999,0.999,0.999,0.947,0.968,0.898,0.958,0.965,0.97
N02_normal_take05,normal,,N02,300,0.981,good,0.0,0.0,0.999,0.998,0.998,0.998,0.998,0.998,0.999,0.999,0.999,0.95,0.973,0.908,0.956,0.971,0.974
N03_normal_take01,normal,,N03,300,0.938,good,0.3,0.7,0.995,0.995,0.995,0.996,0.996,0.995,0.995,0.993,0.992,0.938,0.877,0.873,0.855,0.768,0.8
N03_normal_take02,normal,,N03,300,0.963,good,0.0,0.0,0.997,0.997,0.997,0.999,0.999,0.999,0.999,0.999,0.998,0.965,0.926,0.925,0.906,0.86,0.878
N03_normal_take03,normal,,N03,300,0.959,good,0.0,0.0,0.994,0.994,0.994,0.997,0.996,0.997,0.996,0.998,0.995,0.965,0.898,0.922,0.873,0.874,0.89
N03_normal_take04,normal,,N03,300,0.975,good,0.3,0.3,0.991,0.989,0.99,0.996,0.997,0.997,0.996,0.999,1.0,0.985,0.957,0.937,0.915,0.93,0.951
N03_normal_take05,normal,,N03,300,0.97,good,0.7,0.7,0.996,0.995,0.995,0.998,0.998,0.999,0.998,1.0,0.997,0.987,0.916,0.948,0.88,0.915,0.936
N04_normal_take01,normal,,N04,249,0.989,good,3.6,3.6,0.999,0.999,0.999,1.0,0.999,1.0,1.0,1.0,1.0,0.99,0.986,0.964,0.967,0.962,0.972
N04_normal_take02,normal,,N04,249,0.989,good,3.6,3.6,0.999,0.999,0.999,0.999,0.999,1.0,1.0,1.0,1.0,0.988,0.987,0.965,0.966,0.96,0.97
N04_normal_take03,normal,,N04,249,0.985,good,0.0,0.0,0.999,0.998,0.998,0.999,0.998,0.999,0.999,1.0,0.999,0.986,0.979,0.961,0.96,0.943,0.953
N04_normal_take04,normal,,N04,249,0.986,good,0.0,0.0,0.999,0.999,0.999,0.999,0.999,1.0,1.0,1.0,1.0,0.988,0.978,0.97,0.956,0.949,0.954
N04_normal_take05,normal,,N04,249,0.983,good,0.0,0.0,0.999,0.999,0.999,0.999,0.999,1.0,1.0,1.0,1.0,0.989,0.984,0.962,0.963,0.924,0.936
N05_normal_take01,normal,,N05,249,0.917,good,1.2,1.2,0.997,0.997,0.997,0.997,0.997,0.996,0.996,0.993,0.994,0.928,0.954,0.893,0.933,0.516,0.56
N05_normal_take02,normal,,N05,249,0.927,good,0.0,0.0,0.999,0.998,0.999,0.998,0.999,0.999,0.999,1.0,1.0,0.951,0.966,0.912,0.941,0.55,0.602
N05_normal_take03,normal,,N05,249,0.749,good,23.3,31.3,0.951,0.946,0.94,0.936,0.94,0.905,0.901,0.809,0.816,0.65,0.625,0.614,0.629,0.276,0.293
N05_normal_take04,normal,,N05,249,0.759,good,8.4,13.3,0.971,0.969,0.964,0.964,0.963,0.95,0.947,0.896,0.902,0.58,0.657,0.568,0.659,0.192,0.2
N05_normal_take05,normal,,N05,249,0.876,good,0.8,1.6,0.996,0.995,0.995,0.995,0.995,0.993,0.993,0.986,0.987,0.834,0.899,0.786,0.87,0.396,0.424
N06_normal_take03,normal,,N06,249,0.96,good,0.0,0.0,0.999,0.999,0.999,0.999,1.0,1.0,1.0,1.0,1.0,0.969,0.99,0.921,0.967,0.759,0.794
N06_normal_take04,normal,,N06,249,0.955,good,0.0,0.0,1.0,0.999,1.0,1.0,1.0,1.0,1.0,1.0,1.0,0.976,0.987,0.951,0.966,0.702,0.746
N06_normal_take05,normal,,N06,249,0.948,good,0.0,0.0,0.999,0.999,0.999,0.999,1.0,0.999,1.0,0.999,1.0,0.934,0.985,0.905,0.956,0.705,0.742
N07_normal_take01,normal,,N07,249,0.977,good,0.0,0.0,0.999,0.999,0.999,0.999,0.999,0.999,0.999,1.0,1.0,0.964,0.981,0.934,0.96,0.905,0.915
N07_normal_take02,normal,,N07,249,0.936,good,0.0,0.0,0.995,0.994,0.994,0.995,0.995,0.995,0.995,0.998,0.996,0.914,0.938,0.866,0.91,0.727,0.734
N07_normal_take03,normal,,N07,249,0.958,good,0.0,0.0,0.997,0.997,0.998,0.998,0.998,0.999,0.999,1.0,0.999,0.963,0.959,0.916,0.924,0.802,0.815
N07_normal_take04,normal,,N07,249,0.964,good,0.0,0.0,0.995,0.995,0.995,0.996,0.996,0.997,0.997,1.0,0.999,0.958,0.949,0.932,0.921,0.861,0.876
N07_normal_take05,normal,,N07,249,0.962,good,0.0,0.0,0.997,0.997,0.997,0.998,0.998,0.998,0.998,1.0,0.999,0.966,0.958,0.94,0.921,0.828,0.836
N08_normal_take01,normal,,N08,249,0.921,good,4.8,4.8,0.964,0.967,0.97,0.972,0.977,0.964,0.97,0.994,0.991,0.917,0.932,0.916,0.902,0.681,0.7
N08_normal_take02,normal,,N08,249,0.93,good,0.4,0.4,0.98,0.982,0.982,0.985,0.986,0.98,0.984,0.998,0.995,0.955,0.951,0.954,0.924,0.645,0.649
N08_normal_take03,normal,,N08,249,0.928,good,5.6,5.6,0.979,0.98,0.98,0.984,0.986,0.981,0.984,0.997,0.996,0.946,0.949,0.94,0.918,0.637,0.657
N08_normal_take04,normal,,N08,249,0.94,good,5.6,5.6,0.983,0.985,0.985,0.988,0.989,0.983,0.986,0.998,0.995,0.929,0.95,0.916,0.918,0.729,0.761
N08_normal_take05,normal,,N08,249,0.948,good,5.6,5.6,0.989,0.989,0.991,0.992,0.995,0.99,0.993,0.998,0.998,0.93,0.966,0.915,0.941,0.747,0.782
P01_using_phone_take01,using_phone,A1,P01,249,0.983,good,0.8,0.8,0.999,0.999,0.999,1.0,0.999,1.0,0.999,1.0,1.0,0.986,0.971,0.962,0.955,0.935,0.941
P01_using_phone_take02,using_phone,A2,P01,249,0.978,good,0.4,0.4,1.0,1.0,0.999,1.0,1.0,1.0,1.0,1.0,1.0,0.986,0.977,0.958,0.957,0.884,0.905
P01_using_phone_take03,using_phone,A3,P01,249,0.98,good,0.8,0.8,0.999,0.999,0.999,0.999,0.999,1.0,0.999,1.0,1.0,0.985,0.973,0.953,0.954,0.91,0.928
P01_using_phone_take04,using_phone,A4,P01,249,0.969,good,10.8,10.8,0.991,0.994,0.992,0.997,0.994,0.994,0.993,0.999,0.996,0.96,0.954,0.928,0.94,0.888,0.908
P01_using_phone_take05,using_phone,B1,P01,249,0.962,good,14.9,14.9,0.983,0.988,0.986,0.994,0.988,0.988,0.986,0.998,0.993,0.946,0.946,0.913,0.933,0.89,0.904
P01_using_phone_take06,using_phone,B2,P01,249,0.969,good,4.8,4.8,0.995,0.996,0.995,0.998,0.996,0.999,0.998,1.0,0.998,0.968,0.959,0.932,0.942,0.874,0.889
P01_using_phone_take07,using_phone,B3,P01,249,0.97,good,6.4,6.4,0.996,0.997,0.996,0.998,0.997,0.997,0.997,0.999,0.999,0.976,0.943,0.923,0.916,0.895,0.918
P01_using_phone_take08,using_phone,B4,P01,249,0.98,good,4.4,4.4,0.998,0.999,0.998,0.999,0.999,0.999,0.999,1.0,0.999,0.98,0.982,0.954,0.972,0.901,0.92
P02_using_phone_take01,using_phone,A1,P02,249,0.987,good,0.0,0.0,0.999,0.999,0.999,0.999,1.0,0.999,1.0,1.0,1.0,0.99,0.992,0.957,0.972,0.944,0.956
P02_using_phone_take02,using_phone,A2,P02,249,0.99,good,0.0,0.0,0.999,0.999,0.999,0.999,1.0,1.0,1.0,1.0,1.0,0.994,0.991,0.971,0.973,0.957,0.965
P02_using_phone_take03,using_phone,A3,P02,249,0.978,good,0.0,0.0,0.999,0.999,0.999,0.999,0.999,0.999,0.999,1.0,1.0,0.985,0.983,0.962,0.967,0.894,0.888
P02_using_phone_take04,using_phone,A4,P02,249,0.981,good,0.0,0.0,1.0,0.999,1.0,0.999,1.0,1.0,1.0,1.0,1.0,0.986,0.973,0.95,0.926,0.939,0.948
P02_using_phone_take05,using_phone,B1,P02,249,0.985,good,0.0,0.0,1.0,1.0,1.0,1.0,1.0,1.0,1.0,1.0,1.0,0.993,0.983,0.972,0.957,0.935,0.943
P02_using_phone_take06,using_phone,B2,P02,249,0.985,good,0.0,0.0,1.0,1.0,1.0,1.0,1.0,1.0,1.0,1.0,1.0,0.993,0.989,0.969,0.969,0.921,0.936
P02_using_phone_take07,using_phone,B3,P02,249,0.988,good,0.0,0.0,1.0,1.0,1.0,1.0,1.0,1.0,1.0,1.0,1.0,0.993,0.994,0.976,0.974,0.936,0.947
P02_using_phone_take08,using_phone,B4,P02,249,0.987,good,0.0,0.0,1.0,1.0,1.0,1.0,1.0,1.0,1.0,1.0,1.0,0.995,0.995,0.982,0.979,0.924,0.929
P03_using_phone_take01,using_phone,A1,P03,249,0.956,good,0.0,0.0,0.997,0.998,0.996,0.999,0.995,0.999,0.998,1.0,0.983,0.979,0.882,0.933,0.808,0.884,0.89
P03_using_phone_take02,using_phone,A2,P03,249,0.956,good,0.0,0.0,0.999,0.999,0.998,0.999,0.997,0.999,0.999,1.0,0.983,0.985,0.884,0.944,0.794,0.881,0.884
P03_using_phone_take03,using_phone,A3,P03,249,0.966,good,0.0,0.0,0.999,0.999,0.998,0.999,0.997,0.999,0.999,1.0,0.993,0.979,0.905,0.938,0.832,0.918,0.933
P03_using_phone_take04,using_phone,A4,P03,249,0.963,good,0.0,0.0,0.999,0.999,0.997,0.999,0.997,0.999,0.999,1.0,0.988,0.987,0.887,0.953,0.804,0.911,0.923
P03_using_phone_take05,using_phone,B1,P03,249,0.96,good,0.4,0.4,0.999,0.999,0.998,1.0,0.997,1.0,0.999,1.0,0.982,0.987,0.878,0.95,0.8,0.896,0.914
P03_using_phone_take06,using_phone,B2,P03,249,0.968,good,0.0,0.0,0.999,0.999,0.999,1.0,0.998,1.0,0.999,1.0,0.995,0.975,0.876,0.936,0.818,0.962,0.97
P03_using_phone_take07,using_phone,B3,P03,249,0.967,good,0.0,0.0,0.999,0.999,0.998,0.999,0.997,0.999,0.998,1.0,0.995,0.974,0.896,0.933,0.836,0.937,0.949
P03_using_phone_take08,using_phone,B4,P03,249,0.966,good,0.0,0.0,0.998,0.999,0.996,0.999,0.993,0.997,0.993,1.0,0.99,0.976,0.854,0.946,0.801,0.976,0.976
P04_using_phone_take01,using_phone,A1,P04,249,0.968,good,19.7,19.7,0.979,0.984,0.98,0.992,0.979,0.987,0.984,0.999,0.992,0.972,0.952,0.952,0.939,0.917,0.906
P04_using_phone_take02,using_phone,A2,P04,249,0.964,good,39.8,39.8,0.986,0.989,0.987,0.994,0.989,0.992,0.991,0.999,0.995,0.964,0.956,0.944,0.942,0.873,0.859
P04_using_phone_take03,using_phone,A3,P04,249,0.979,good,0.0,0.0,0.999,0.999,0.998,0.999,0.999,1.0,1.0,1.0,0.999,0.991,0.988,0.979,0.975,0.889,0.875
P04_using_phone_take04,using_phone,A4,P04,249,0.979,good,1.6,1.6,0.998,0.998,0.997,0.999,0.998,0.999,0.999,1.0,0.999,0.986,0.979,0.975,0.967,0.907,0.888
P04_using_phone_take05,using_phone,B1,P04,249,0.976,good,3.6,3.6,0.997,0.998,0.997,0.999,0.997,0.999,0.998,1.0,0.998,0.989,0.972,0.979,0.959,0.888,0.864
P04_using_phone_take06,using_phone,B2,P04,249,0.979,good,1.2,1.2,0.998,0.999,0.998,0.999,0.998,0.999,0.999,1.0,0.999,0.99,0.985,0.971,0.975,0.892,0.887
P04_using_phone_take07,using_phone,B3,P04,249,0.981,good,48.6,48.6,0.997,0.998,0.996,0.999,0.996,0.999,0.997,1.0,0.998,0.986,0.98,0.965,0.97,0.922,0.915
P04_using_phone_take08,using_phone,B4,P04,249,0.978,good,22.1,22.1,0.996,0.997,0.996,0.999,0.996,0.998,0.997,1.0,0.998,0.986,0.974,0.968,0.957,0.911,0.896
P05_using_phone_take01,using_phone,A1,P05,249,0.967,good,0.0,0.0,0.999,0.999,0.999,0.999,1.0,1.0,1.0,1.0,0.999,0.923,0.972,0.862,0.893,0.916,0.948
P05_using_phone_take02,using_phone,A2,P05,249,0.975,good,0.0,0.0,0.999,0.999,1.0,0.999,1.0,1.0,1.0,1.0,1.0,0.935,0.982,0.874,0.925,0.949,0.971
P05_using_phone_take03,using_phone,A3,P05,249,0.972,good,0.0,0.0,0.999,0.999,0.999,0.999,1.0,0.999,1.0,1.0,1.0,0.943,0.974,0.886,0.895,0.934,0.96
P05_using_phone_take04,using_phone,A4,P05,249,0.967,good,2.4,2.4,0.996,0.997,0.997,0.997,0.998,0.997,0.996,0.999,0.995,0.954,0.956,0.904,0.898,0.896,0.926
P05_using_phone_take05,using_phone,B1,P05,249,0.97,good,0.0,0.0,0.997,0.996,0.996,0.995,0.998,0.997,0.999,0.999,0.999,0.936,0.978,0.887,0.908,0.924,0.939
P05_using_phone_take06,using_phone,B2,P05,249,0.967,good,0.0,0.0,0.996,0.995,0.995,0.994,0.997,0.995,0.998,0.999,0.999,0.933,0.966,0.885,0.867,0.939,0.945
P05_using_phone_take07,using_phone,B3,P05,249,0.969,good,0.0,0.0,0.998,0.997,0.997,0.996,0.998,0.997,0.999,0.999,0.999,0.939,0.966,0.89,0.883,0.937,0.941
P06_using_phone_take02,using_phone,A2,P06,249,0.971,good,0.0,0.0,0.999,0.999,0.999,0.999,0.999,0.998,0.998,1.0,0.999,0.986,0.95,0.967,0.923,0.869,0.876
P06_using_phone_take03,using_phone,A3,P06,249,0.973,good,0.4,0.4,1.0,1.0,1.0,1.0,1.0,1.0,1.0,1.0,1.0,0.992,0.983,0.97,0.958,0.837,0.85
P06_using_phone_take04,using_phone,A4,P06,249,0.97,good,0.0,0.0,0.999,0.999,0.999,1.0,0.999,1.0,0.999,1.0,0.999,0.988,0.953,0.962,0.925,0.855,0.871
P06_using_phone_take05,using_phone,B1,P06,249,0.966,good,0.8,0.8,0.998,0.999,0.998,0.999,0.998,0.999,0.999,1.0,0.998,0.986,0.912,0.958,0.874,0.885,0.894
P06_using_phone_take06,using_phone,B2,P06,249,0.964,good,0.0,0.0,0.999,0.999,0.998,0.999,0.998,0.999,0.999,1.0,0.999,0.985,0.907,0.956,0.884,0.857,0.878
P06_using_phone_take07,using_phone,B3,P06,249,0.966,good,0.0,0.0,1.0,1.0,1.0,1.0,1.0,1.0,1.0,1.0,1.0,0.992,0.967,0.972,0.938,0.8,0.82
P06_using_phone_take08,using_phone,B4,P06,249,0.959,good,0.0,0.0,0.999,0.999,0.999,0.999,0.999,1.0,1.0,1.0,0.999,0.987,0.915,0.966,0.878,0.813,0.827
P07_using_phone_take01,using_phone,A1,P07,249,0.963,good,0.0,0.0,0.999,0.998,0.999,0.997,1.0,0.997,0.999,0.997,0.999,0.894,0.967,0.84,0.88,0.928,0.953
P07_using_phone_take02,using_phone,A2,P07,249,0.965,good,0.0,0.0,0.999,0.998,0.999,0.997,0.999,0.998,0.999,0.998,0.999,0.887,0.974,0.848,0.912,0.925,0.949
P07_using_phone_take03,using_phone,A3,P07,249,0.967,good,0.0,0.0,0.998,0.997,0.999,0.996,0.999,0.996,0.999,0.996,0.999,0.887,0.971,0.865,0.903,0.941,0.959
P07_using_phone_take04,using_phone,A4,P07,249,0.962,good,1.6,1.6,0.989,0.994,0.994,0.995,0.994,0.982,0.981,0.997,0.987,0.918,0.939,0.888,0.88,0.937,0.949
P07_using_phone_take05,using_phone,A4,P07,249,0.967,good,0.8,0.8,0.995,0.995,0.997,0.992,0.998,0.993,0.997,0.997,0.999,0.915,0.968,0.885,0.891,0.932,0.952
P07_using_phone_take06,using_phone,B1,P07,249,0.968,good,0.0,0.0,0.998,0.998,0.999,0.996,0.999,0.996,0.999,0.997,0.999,0.892,0.971,0.868,0.895,0.946,0.963
P07_using_phone_take07,using_phone,B2,P07,249,0.973,good,4.0,4.0,0.999,0.999,0.999,0.998,1.0,0.997,0.999,0.997,0.999,0.919,0.973,0.9,0.905,0.95,0.963
P07_using_phone_take08,using_phone,B3,P07,249,0.977,good,0.4,0.4,0.999,0.999,0.999,0.998,1.0,0.997,0.999,0.998,0.999,0.959,0.978,0.935,0.909,0.937,0.955
PN01_passing_note_take01,passing_note,A1,PN01,249,0.972,good,0.0,0.0,0.999,0.999,0.998,0.998,0.999,0.999,0.999,0.999,0.999,0.955,0.975,0.925,0.93,0.889,0.917
PN01_passing_note_take02,passing_note,A2,PN01,249,0.97,good,0.0,0.0,0.999,0.999,0.998,0.999,0.999,0.999,0.999,1.0,0.999,0.971,0.963,0.939,0.913,0.879,0.891
PN01_passing_note_take03,passing_note,A3,PN01,249,0.96,good,0.4,0.4,0.996,0.997,0.995,0.998,0.996,0.997,0.997,0.999,0.997,0.962,0.927,0.924,0.885,0.85,0.873
PN01_passing_note_take06,passing_note,B2,PN01,249,0.961,good,0.0,0.0,0.996,0.996,0.994,0.997,0.993,0.996,0.995,0.999,0.995,0.969,0.921,0.898,0.853,0.902,0.914
PN01_passing_note_take07,passing_note,B3,PN01,249,0.97,good,0.0,0.0,0.996,0.997,0.995,0.998,0.993,0.998,0.996,0.999,0.997,0.974,0.938,0.935,0.9,0.908,0.921
PN02_passing_note_take01,passing_note,A4,PN02,249,0.968,good,0.4,0.4,0.996,0.998,0.997,0.999,0.997,0.999,0.998,1.0,0.996,0.978,0.947,0.95,0.902,0.881,0.887
PN02_passing_note_take02,passing_note,A3,PN02,249,0.973,good,0.0,0.0,0.999,0.999,0.999,0.999,0.999,0.999,0.999,1.0,0.998,0.982,0.977,0.962,0.934,0.879,0.876
PN02_passing_note_take03,passing_note,A2,PN02,249,0.967,good,0.0,0.0,0.998,0.999,0.999,0.999,0.999,0.999,0.998,1.0,0.994,0.976,0.944,0.95,0.882,0.884,0.889
PN02_passing_note_take06,passing_note,B3,PN02,249,0.971,good,0.0,0.0,0.997,0.997,0.996,0.998,0.998,0.999,0.999,1.0,0.999,0.943,0.974,0.914,0.926,0.902,0.922
PN02_passing_note_take07,passing_note,B2,PN02,249,0.974,good,0.0,0.0,0.998,0.998,0.998,0.999,0.999,0.998,0.999,1.0,0.998,0.934,0.972,0.907,0.914,0.941,0.952
PN03_passing_note_take01,passing_note,A4,PN03,249,0.956,good,0.4,0.4,0.997,0.997,0.997,0.997,0.998,0.997,0.997,0.997,0.996,0.945,0.97,0.895,0.954,0.787,0.812
PN03_passing_note_take02,passing_note,A3,PN03,249,0.959,good,0.0,0.0,0.996,0.996,0.995,0.996,0.996,0.996,0.996,0.995,0.995,0.948,0.966,0.9,0.957,0.812,0.838
PN03_passing_note_take03,passing_note,A2,PN03,249,0.976,good,0.0,0.0,1.0,0.999,1.0,0.999,1.0,1.0,1.0,1.0,1.0,0.971,0.989,0.924,0.968,0.882,0.91
PN03_passing_note_take05,passing_note,B4,PN03,249,0.966,good,0.0,0.0,0.999,0.999,0.999,0.999,1.0,1.0,1.0,0.999,1.0,0.899,0.971,0.847,0.944,0.899,0.933
PN03_passing_note_take06,passing_note,B3,PN03,249,0.968,good,0.0,0.0,0.999,0.999,0.999,0.999,1.0,1.0,1.0,1.0,1.0,0.942,0.982,0.863,0.946,0.88,0.91
PN03_passing_note_take07,passing_note,B2,PN03,249,0.967,good,0.0,0.0,0.999,0.999,0.999,0.999,1.0,1.0,1.0,0.999,1.0,0.926,0.984,0.823,0.956,0.888,0.926
PN04_passing_note_take01,passing_note,A1,PN04,249,0.926,good,0.0,0.0,0.996,0.996,0.995,0.995,0.996,0.994,0.994,0.997,0.996,0.908,0.925,0.863,0.898,0.659,0.685
PN04_passing_note_take02,passing_note,A2,PN04,249,0.904,good,0.0,0.0,0.998,0.997,0.997,0.997,0.998,0.996,0.997,0.996,0.996,0.859,0.914,0.838,0.917,0.518,0.539
PN04_passing_note_take03,passing_note,A3,PN04,249,0.857,good,2.0,2.4,0.982,0.982,0.98,0.981,0.982,0.977,0.977,0.97,0.973,0.774,0.852,0.746,0.856,0.4,0.417
PN04_passing_note_take04,passing_note,A4,PN04,249,0.808,good,5.6,11.2,0.963,0.962,0.957,0.956,0.958,0.938,0.938,0.894,0.894,0.719,0.742,0.687,0.748,0.379,0.391
PN04_passing_note_take05,passing_note,B1,PN04,249,0.943,good,0.4,0.8,0.996,0.995,0.995,0.995,0.996,0.994,0.994,0.991,0.992,0.934,0.945,0.905,0.92,0.739,0.761
PN04_passing_note_take06,passing_note,B2,PN04,249,0.894,good,0.4,0.4,0.995,0.994,0.993,0.993,0.995,0.992,0.993,0.988,0.989,0.824,0.899,0.777,0.893,0.536,0.557
PN04_passing_note_take07,passing_note,B3,PN04,249,0.921,good,1.2,2.8,0.992,0.991,0.991,0.991,0.992,0.988,0.988,0.981,0.981,0.888,0.948,0.837,0.933,0.64,0.675
PN04_passing_note_take08,passing_note,B4,PN04,249,0.936,good,0.0,0.0,0.999,0.999,0.999,0.999,1.0,0.999,1.0,0.999,1.0,0.922,0.982,0.876,0.969,0.631,0.665
PN05_passing_note_take01,passing_note,A1,PN05,249,0.962,good,2.8,2.8,0.998,0.998,0.997,0.998,0.997,0.998,0.997,1.0,0.999,0.962,0.975,0.926,0.953,0.805,0.828
PN05_passing_note_take02,passing_note,A2,PN05,249,0.978,good,1.2,1.2,1.0,0.999,1.0,1.0,1.0,1.0,1.0,1.0,1.0,0.965,0.988,0.921,0.949,0.915,0.933
PN05_passing_note_take05,passing_note,B1,PN05,249,0.968,good,0.4,0.4,0.997,0.997,0.998,0.997,0.999,0.999,0.999,0.998,0.999,0.892,0.978,0.84,0.946,0.93,0.954
PN05_passing_note_take06,passing_note,B2,PN05,249,0.971,good,0.8,0.8,0.999,0.999,0.998,0.999,0.998,0.999,0.999,1.0,0.999,0.931,0.966,0.89,0.94,0.919,0.935
PN05_passing_note_take07,passing_note,B3,PN05,249,0.944,good,0.0,0.0,1.0,0.999,0.999,0.999,1.0,1.0,1.0,1.0,1.0,0.938,0.986,0.911,0.968,0.67,0.692
T01_talking_to_neighbor_take01,talking_to_neighbor,A1,T01,249,0.983,good,0.0,0.0,1.0,1.0,1.0,1.0,1.0,1.0,1.0,1.0,1.0,0.99,0.991,0.969,0.965,0.908,0.928
T01_talking_to_neighbor_take03,talking_to_neighbor,A3,T01,249,0.981,good,0.0,0.0,0.999,0.998,0.998,0.998,0.999,0.999,1.0,1.0,1.0,0.99,0.993,0.966,0.967,0.892,0.913
T01_talking_to_neighbor_take04,talking_to_neighbor,B1,T01,249,0.981,good,0.0,0.0,1.0,0.999,0.999,1.0,1.0,1.0,1.0,1.0,1.0,0.988,0.991,0.96,0.962,0.902,0.914
T01_talking_to_neighbor_take05,talking_to_neighbor,B2,T01,249,0.981,good,0.0,0.0,1.0,1.0,1.0,1.0,1.0,1.0,1.0,1.0,1.0,0.988,0.991,0.971,0.967,0.89,0.908
T01_talking_to_neighbor_take06,talking_to_neighbor,B3,T01,249,0.984,good,0.0,0.0,1.0,1.0,1.0,1.0,1.0,1.0,1.0,1.0,1.0,0.99,0.993,0.977,0.973,0.902,0.92
T02_talking_to_neighbor_take01,talking_to_neighbor,A1,T02,249,0.914,good,0.0,0.0,0.993,0.994,0.991,0.993,0.99,0.991,0.991,0.997,0.982,0.912,0.857,0.852,0.807,0.669,0.69
T02_talking_to_neighbor_take02,talking_to_neighbor,A2,T02,249,0.943,good,0.0,0.0,0.996,0.997,0.995,0.997,0.994,0.998,0.997,0.999,0.984,0.924,0.889,0.877,0.853,0.808,0.833
T02_talking_to_neighbor_take03,talking_to_neighbor,A3,T02,249,0.948,good,0.4,0.4,0.999,0.999,0.997,0.999,0.997,0.999,0.998,1.0,0.996,0.984,0.907,0.948,0.852,0.767,0.778
T02_talking_to_neighbor_take04,talking_to_neighbor,B1,T02,249,0.945,good,36.5,36.5,0.987,0.993,0.99,0.997,0.991,0.991,0.988,0.999,0.995,0.962,0.868,0.921,0.824,0.829,0.847
T02_talking_to_neighbor_take05,talking_to_neighbor,B2,T02,249,0.938,good,29.3,29.3,0.989,0.993,0.989,0.997,0.989,0.994,0.99,1.0,0.994,0.975,0.86,0.93,0.809,0.771,0.789
T02_talking_to_neighbor_take06,talking_to_neighbor,B3,T02,249,0.956,good,62.2,62.2,0.994,0.997,0.995,0.998,0.995,0.997,0.995,1.0,0.997,0.985,0.916,0.962,0.858,0.825,0.826
T03_talking_to_neighbor_take01,talking_to_neighbor,A1,T03,249,0.956,good,0.0,0.0,0.997,0.995,0.996,0.995,0.997,0.998,0.999,1.0,0.999,0.982,0.938,0.937,0.827,0.838,0.845
T03_talking_to_neighbor_take02,talking_to_neighbor,A2,T03,249,0.958,good,0.0,0.0,0.996,0.992,0.994,0.992,0.996,0.997,0.998,1.0,0.999,0.981,0.952,0.932,0.848,0.837,0.852
T03_talking_to_neighbor_take03,talking_to_neighbor,A3,T03,249,0.961,good,0.4,0.4,0.995,0.994,0.996,0.994,0.998,0.998,0.999,1.0,0.999,0.978,0.971,0.923,0.864,0.852,0.856
T03_talking_to_neighbor_take04,talking_to_neighbor,B1,T03,249,0.962,good,0.0,0.0,0.995,0.993,0.995,0.996,0.998,0.998,0.999,0.999,0.999,0.985,0.966,0.943,0.849,0.848,0.865
T03_talking_to_neighbor_take05,talking_to_neighbor,B2,T03,249,0.955,good,0.0,0.0,0.998,0.998,0.998,0.998,0.999,0.999,1.0,0.999,0.999,0.979,0.963,0.928,0.84,0.804,0.822
T03_talking_to_neighbor_take06,talking_to_neighbor,B3,T03,249,0.953,good,15.7,15.7,0.995,0.995,0.992,0.997,0.994,0.998,0.997,1.0,0.998,0.976,0.923,0.919,0.796,0.849,0.861
T04_talking_to_neighbor_take01,talking_to_neighbor,A1,T04,249,0.923,good,6.0,6.0,0.972,0.978,0.97,0.988,0.975,0.985,0.98,0.998,0.982,0.914,0.867,0.863,0.848,0.745,0.78
T04_talking_to_neighbor_take02,talking_to_neighbor,A2,T04,249,0.918,good,0.8,0.8,0.986,0.987,0.985,0.992,0.988,0.99,0.988,0.997,0.991,0.875,0.877,0.816,0.848,0.707,0.75
T04_talking_to_neighbor_take03,talking_to_neighbor,A3,T04,249,0.885,good,0.8,0.8,0.986,0.987,0.984,0.988,0.987,0.985,0.984,0.99,0.983,0.839,0.832,0.794,0.83,0.536,0.564
T04_talking_to_neighbor_take04,talking_to_neighbor,B1,T04,249,0.906,good,0.0,0.0,0.994,0.994,0.993,0.994,0.994,0.994,0.993,0.996,0.995,0.87,0.88,0.808,0.862,0.597,0.632
T04_talking_to_neighbor_take05,talking_to_neighbor,B2,T04,249,0.938,good,0.0,0.0,0.995,0.996,0.991,0.998,0.99,0.997,0.993,1.0,0.991,0.959,0.874,0.915,0.835,0.763,0.769
T04_talking_to_neighbor_take06,talking_to_neighbor,B3,T04,249,0.932,good,17.3,17.3,0.952,0.963,0.949,0.973,0.951,0.97,0.96,0.999,0.989,0.959,0.853,0.927,0.823,0.849,0.856
T05_talking_to_neighbor_take01,talking_to_neighbor,A1,T05,249,0.949,good,6.4,6.4,0.992,0.994,0.986,0.996,0.985,0.997,0.995,1.0,0.995,0.963,0.918,0.916,0.883,0.79,0.832
T05_talking_to_neighbor_take02,talking_to_neighbor,A2,T05,249,0.95,good,15.7,15.7,0.991,0.994,0.987,0.996,0.986,0.997,0.996,0.999,0.997,0.957,0.919,0.914,0.87,0.81,0.84
T05_talking_to_neighbor_take03,talking_to_neighbor,A3,T05,249,0.94,good,14.5,14.5,0.994,0.995,0.992,0.996,0.992,0.997,0.996,0.999,0.997,0.956,0.897,0.899,0.854,0.756,0.783
T05_talking_to_neighbor_take04,talking_to_neighbor,B1,T05,249,0.967,good,2.0,2.0,0.998,0.998,0.998,0.999,0.998,0.999,0.999,1.0,0.999,0.977,0.942,0.923,0.898,0.876,0.906
T05_talking_to_neighbor_take05,talking_to_neighbor,B2,T05,249,0.953,good,11.6,11.6,0.988,0.992,0.986,0.995,0.986,0.995,0.994,0.999,0.995,0.972,0.921,0.931,0.869,0.813,0.851
T05_talking_to_neighbor_take06,talking_to_neighbor,B3,T05,249,0.952,good,4.0,4.0,0.987,0.992,0.985,0.996,0.988,0.996,0.994,1.0,0.997,0.974,0.913,0.928,0.869,0.814,0.84
T06_talking_to_neighbor_take01,talking_to_neighbor,A1,T06,249,0.925,good,1.6,1.6,0.993,0.994,0.994,0.994,0.995,0.994,0.994,0.999,0.998,0.927,0.932,0.862,0.892,0.639,0.674
T06_talking_to_neighbor_take02,talking_to_neighbor,A2,T06,249,0.952,good,4.0,4.0,0.991,0.992,0.99,0.991,0.989,0.99,0.989,0.999,0.997,0.969,0.936,0.921,0.898,0.795,0.827
T06_talking_to_neighbor_take03,talking_to_neighbor,A3,T06,249,0.861,good,1.6,1.6,0.987,0.988,0.986,0.988,0.988,0.985,0.984,0.989,0.984,0.804,0.823,0.724,0.822,0.42,0.438
T06_talking_to_neighbor_take04,talking_to_neighbor,B1,T06,249,0.929,good,0.4,0.4,0.991,0.993,0.992,0.994,0.993,0.993,0.993,0.998,0.996,0.928,0.907,0.884,0.867,0.695,0.717
T06_talking_to_neighbor_take05,talking_to_neighbor,B2,T06,249,0.9,good,0.4,0.4,0.985,0.987,0.984,0.988,0.985,0.985,0.983,0.989,0.983,0.867,0.857,0.789,0.817,0.645,0.663
T06_talking_to_neighbor_take06,talking_to_neighbor,B3,T06,249,0.856,good,1.2,1.2,0.991,0.99,0.99,0.991,0.993,0.99,0.991,0.994,0.992,0.793,0.86,0.696,0.852,0.348,0.367
T07_talking_to_neighbor_take01,talking_to_neighbor,A1,T07,249,0.953,good,0.0,0.0,0.997,0.998,0.997,0.999,0.998,0.999,0.999,1.0,0.999,0.96,0.927,0.928,0.864,0.809,0.821
T07_talking_to_neighbor_take02,talking_to_neighbor,A2,T07,249,0.951,good,0.0,0.0,0.997,0.998,0.995,0.999,0.997,0.999,0.999,1.0,0.999,0.97,0.947,0.921,0.871,0.774,0.798
T07_talking_to_neighbor_take04,talking_to_neighbor,B1,T07,249,0.954,good,0.0,0.0,0.998,0.997,0.997,0.998,0.998,0.999,0.999,1.0,0.999,0.958,0.953,0.893,0.903,0.798,0.815
T07_talking_to_neighbor_take05,talking_to_neighbor,B2,T07,249,0.945,good,6.4,6.4,0.991,0.992,0.991,0.994,0.993,0.995,0.995,0.999,0.998,0.942,0.927,0.862,0.879,0.794,0.818
T07_talking_to_neighbor_take06,talking_to_neighbor,B3,T07,249,0.958,good,4.4,4.4,0.997,0.997,0.997,0.998,0.998,0.999,0.999,1.0,0.999,0.972,0.954,0.925,0.911,0.811,0.82
T08_talking_to_neighbor_take01,talking_to_neighbor,A1,T08,249,0.954,good,4.8,4.8,0.991,0.993,0.988,0.995,0.99,0.996,0.996,0.999,0.998,0.952,0.905,0.903,0.868,0.845,0.89
T08_talking_to_neighbor_take02,talking_to_neighbor,A2,T08,249,0.973,good,0.8,0.8,0.991,0.993,0.987,0.996,0.987,0.995,0.995,1.0,0.998,0.975,0.921,0.955,0.893,0.946,0.957
T08_talking_to_neighbor_take03,talking_to_neighbor,A3,T08,249,0.975,good,0.4,0.4,0.997,0.997,0.996,0.998,0.997,0.999,0.999,0.999,0.998,0.974,0.942,0.927,0.912,0.936,0.957
T08_talking_to_neighbor_take04,talking_to_neighbor,B1,T08,249,0.961,good,0.4,0.4,0.976,0.969,0.973,0.968,0.976,0.981,0.984,0.999,0.999,0.963,0.96,0.927,0.92,0.897,0.922
T08_talking_to_neighbor_take05,talking_to_neighbor,B2,T08,249,0.978,good,0.0,0.0,0.997,0.997,0.994,0.999,0.995,0.999,0.998,1.0,0.997,0.98,0.947,0.961,0.916,0.942,0.948
T08_talking_to_neighbor_take06,talking_to_neighbor,B3,T08,249,0.984,good,0.0,0.0,0.997,0.997,0.996,0.998,0.996,0.999,0.999,1.0,0.999,0.983,0.969,0.963,0.936,0.959,0.964
